train_no,train_type,train_name,priority,corridor_id,service_date,scheduled_dep
14487,PASS,Passenger,4,COR-NDLS-CNB,2026-08-30,20:40
37341,SF,Superfast Express,2,COR-NDLS-CNB,2026-08-30,23:50
23570,PASS,Passenger,4,COR-NDLS-CNB,2026-08-30,18:25
67268,SF,Superfast Express,2,COR-NDLS-CNB,2026-08-30,22:41
39605,MEMU,MEMU/EMU,4,COR-NDLS-CNB,2026-08-30,19:21
81602,EXP,Mail/Express,3,COR-NDLS-CNB,2026-08-30,22:46
36723,MEMU,MEMU/EMU,4,COR-NDLS-CNB,2026-08-30,17:32
79108,MEMU,MEMU/EMU,4,COR-NDLS-CNB,2026-08-30,05:42
88206,PASS,Passenger,4,COR-NDLS-CNB,2026-08-30,10:13
70098,PASS,Passenger,4,COR-NDLS-CNB,2026-08-30,17:30
58707,PASS,Passenger,4,COR-NDLS-CNB,2026-08-30,09:09
59028,MEMU,MEMU/EMU,4,COR-NDLS-CNB,2026-08-30,08:50
66921,EXP,Mail/Express,3,COR-NDLS-CNB,2026-08-30,15:23
70760,EXP,Mail/Express,3,COR-NDLS-CNB,2026-08-30,21:20
20249,SF,Superfast Express,2,COR-NDLS-CNB,2026-08-30,02:47
77847,RAJ,Rajdhani Express,1,COR-NDLS-CNB,2026-08-30,18:07
53839,EXP,Mail/Express,3,COR-NDLS-CNB,2026-08-30,18:31
49673,PASS,Passenger,4,COR-NDLS-CNB,2026-08-30,22:30
13642,SF,Superfast Express,2,COR-NDLS-CNB,2026-08-30,21:33
16338,PASS,Passenger,4,COR-NDLS-CNB,2026-08-30,18:22
61761,MEMU,MEMU/EMU,4,COR-NDLS-CNB,2026-08-30,13:24
19622,MEMU,MEMU/EMU,4,COR-NDLS-CNB,2026-08-30,07:06
58423,PASS,Passenger,4,COR-NDLS-CNB,2026-08-30,14:18
52873,EXP,Mail/Express,3,COR-NDLS-CNB,2026-08-30,18:06
57565,RAJ,Rajdhani Express,1,COR-NDLS-CNB,2026-08-30,20:46
69670,FRT,Freight,5,COR-NDLS-CNB,2026-08-30,00:25
83133,FRT,Freight,5,COR-NDLS-CNB,2026-08-30,23:29
41261,FRT,Freight,5,COR-NDLS-CNB,2026-08-30,16:33
67154,FRT,Freight,5,COR-NDLS-CNB,2026-08-30,20:45
16107,FRT,Freight,5,COR-NDLS-CNB,2026-08-30,23:37
45561,FRT,Freight,5,COR-NDLS-CNB,2026-08-30,22:04
86674,FRT,Freight,5,COR-NDLS-CNB,2026-08-30,17:04
45268,FRT,Freight,5,COR-NDLS-CNB,2026-08-30,15:18
41608,FRT,Freight,5,COR-NDLS-CNB,2026-08-30,05:50
23138,FRT,Freight,5,COR-NDLS-CNB,2026-08-30,01:37
47693,FRT,Freight,5,COR-NDLS-CNB,2026-08-30,13:27
93000,FRT,Freight,5,COR-NDLS-CNB,2026-08-30,13:25
31248,FRT,Freight,5,COR-NDLS-CNB,2026-08-30,23:41
71415,PASS,Passenger,4,COR-NDLS-CNB,2026-08-31,10:58
26960,EXP,Mail/Express,3,COR-NDLS-CNB,2026-08-31,13:49
91838,SF,Superfast Express,2,COR-NDLS-CNB,2026-08-31,06:23
55778,PASS,Passenger,4,COR-NDLS-CNB,2026-08-31,01:10
40941,SF,Superfast Express,2,COR-NDLS-CNB,2026-08-31,06:40
50955,EXP,Mail/Express,3,COR-NDLS-CNB,2026-08-31,16:54
88565,EXP,Mail/Express,3,COR-NDLS-CNB,2026-08-31,04:00
66908,EXP,Mail/Express,3,COR-NDLS-CNB,2026-08-31,07:53
74067,EXP,Mail/Express,3,COR-NDLS-CNB,2026-08-31,09:31
65696,MEMU,MEMU/EMU,4,COR-NDLS-CNB,2026-08-31,05:39
28429,EXP,Mail/Express,3,COR-NDLS-CNB,2026-08-31,07:52
86676,MEMU,MEMU/EMU,4,COR-NDLS-CNB,2026-08-31,21:43
24847,RAJ,Rajdhani Express,1,COR-NDLS-CNB,2026-08-31,01:01
57191,MEMU,MEMU/EMU,4,COR-NDLS-CNB,2026-08-31,17:14
44256,SF,Superfast Express,2,COR-NDLS-CNB,2026-08-31,09:20
38774,RAJ,Rajdhani Express,1,COR-NDLS-CNB,2026-08-31,17:23
19127,SF,Superfast Express,2,COR-NDLS-CNB,2026-08-31,15:49
38205,PASS,Passenger,4,COR-NDLS-CNB,2026-08-31,07:16
91163,PASS,Passenger,4,COR-NDLS-CNB,2026-08-31,19:46
68764,MEMU,MEMU/EMU,4,COR-NDLS-CNB,2026-08-31,12:51
48664,SF,Superfast Express,2,COR-NDLS-CNB,2026-08-31,19:51
66795,PASS,Passenger,4,COR-NDLS-CNB,2026-08-31,10:08
42333,PASS,Passenger,4,COR-NDLS-CNB,2026-08-31,23:34
46079,PASS,Passenger,4,COR-NDLS-CNB,2026-08-31,18:19
94225,RAJ,Rajdhani Express,1,COR-NDLS-CNB,2026-08-31,22:18
34259,RAJ,Rajdhani Express,1,COR-NDLS-CNB,2026-08-31,13:17
36571,EXP,Mail/Express,3,COR-NDLS-CNB,2026-08-31,11:19
61119,SF,Superfast Express,2,COR-NDLS-CNB,2026-08-31,18:29
33119,FRT,Freight,5,COR-NDLS-CNB,2026-08-31,05:38
56117,FRT,Freight,5,COR-NDLS-CNB,2026-08-31,16:25
26279,FRT,Freight,5,COR-NDLS-CNB,2026-08-31,00:24
78835,FRT,Freight,5,COR-NDLS-CNB,2026-08-31,04:16
14803,FRT,Freight,5,COR-NDLS-CNB,2026-08-31,14:14
92897,FRT,Freight,5,COR-NDLS-CNB,2026-08-31,02:36
70805,FRT,Freight,5,COR-NDLS-CNB,2026-08-31,04:44
28201,FRT,Freight,5,COR-NDLS-CNB,2026-08-31,11:03
38634,FRT,Freight,5,COR-NDLS-CNB,2026-08-31,09:21
24760,FRT,Freight,5,COR-NDLS-CNB,2026-08-31,01:16
20826,FRT,Freight,5,COR-NDLS-CNB,2026-08-31,22:21
96821,FRT,Freight,5,COR-NDLS-CNB,2026-08-31,00:16
55775,FRT,Freight,5,COR-NDLS-CNB,2026-08-31,18:13
84676,FRT,Freight,5,COR-NDLS-CNB,2026-08-31,01:13
16798,FRT,Freight,5,COR-NDLS-CNB,2026-08-31,10:16
76103,FRT,Freight,5,COR-NDLS-CNB,2026-08-31,02:07
87160,FRT,Freight,5,COR-NDLS-CNB,2026-08-31,02:33
87751,FRT,Freight,5,COR-NDLS-CNB,2026-08-31,01:25
83502,FRT,Freight,5,COR-NDLS-CNB,2026-08-31,10:44
61410,FRT,Freight,5,COR-NDLS-CNB,2026-08-31,11:29
50888,FRT,Freight,5,COR-NDLS-CNB,2026-08-31,02:21
59047,FRT,Freight,5,COR-NDLS-CNB,2026-08-31,23:15
75836,PASS,Passenger,4,COR-NDLS-CNB,2026-09-01,19:38
47463,SF,Superfast Express,2,COR-NDLS-CNB,2026-09-01,17:06
58990,EXP,Mail/Express,3,COR-NDLS-CNB,2026-09-01,17:35
96544,MEMU,MEMU/EMU,4,COR-NDLS-CNB,2026-09-01,17:34
73627,EXP,Mail/Express,3,COR-NDLS-CNB,2026-09-01,17:23
30221,PASS,Passenger,4,COR-NDLS-CNB,2026-09-01,10:38
95837,MEMU,MEMU/EMU,4,COR-NDLS-CNB,2026-09-01,17:35
82843,MEMU,MEMU/EMU,4,COR-NDLS-CNB,2026-09-01,20:44
61313,EXP,Mail/Express,3,COR-NDLS-CNB,2026-09-01,09:19
39251,PASS,Passenger,4,COR-NDLS-CNB,2026-09-01,21:48
56586,MEMU,MEMU/EMU,4,COR-NDLS-CNB,2026-09-01,00:31
84418,EXP,Mail/Express,3,COR-NDLS-CNB,2026-09-01,09:58
63884,EXP,Mail/Express,3,COR-NDLS-CNB,2026-09-01,06:38
62620,PASS,Passenger,4,COR-NDLS-CNB,2026-09-01,06:48
20040,EXP,Mail/Express,3,COR-NDLS-CNB,2026-09-01,19:25
81677,EXP,Mail/Express,3,COR-NDLS-CNB,2026-09-01,21:25
55878,EXP,Mail/Express,3,COR-NDLS-CNB,2026-09-01,18:35
15969,SF,Superfast Express,2,COR-NDLS-CNB,2026-09-01,22:42
23162,RAJ,Rajdhani Express,1,COR-NDLS-CNB,2026-09-01,07:34
75435,SF,Superfast Express,2,COR-NDLS-CNB,2026-09-01,06:42
84667,EXP,Mail/Express,3,COR-NDLS-CNB,2026-09-01,13:34
15037,RAJ,Rajdhani Express,1,COR-NDLS-CNB,2026-09-01,19:11
70526,MEMU,MEMU/EMU,4,COR-NDLS-CNB,2026-09-01,02:32
97914,SF,Superfast Express,2,COR-NDLS-CNB,2026-09-01,23:35
24693,SF,Superfast Express,2,COR-NDLS-CNB,2026-09-01,16:13
69090,SF,Superfast Express,2,COR-NDLS-CNB,2026-09-01,23:32
12451,PASS,Passenger,4,COR-NDLS-CNB,2026-09-01,09:45
75560,EXP,Mail/Express,3,COR-NDLS-CNB,2026-09-01,11:44
84491,FRT,Freight,5,COR-NDLS-CNB,2026-09-01,21:08
39602,FRT,Freight,5,COR-NDLS-CNB,2026-09-01,12:18
64471,FRT,Freight,5,COR-NDLS-CNB,2026-09-01,08:41
72150,FRT,Freight,5,COR-NDLS-CNB,2026-09-01,21:35
54227,FRT,Freight,5,COR-NDLS-CNB,2026-09-01,23:09
33116,FRT,Freight,5,COR-NDLS-CNB,2026-09-01,14:58
16674,FRT,Freight,5,COR-NDLS-CNB,2026-09-01,21:39
27469,FRT,Freight,5,COR-NDLS-CNB,2026-09-01,13:53
15446,FRT,Freight,5,COR-NDLS-CNB,2026-09-01,15:44
30760,FRT,Freight,5,COR-NDLS-CNB,2026-09-01,15:38
11963,FRT,Freight,5,COR-NDLS-CNB,2026-09-01,16:06
86002,FRT,Freight,5,COR-NDLS-CNB,2026-09-01,05:03
37262,FRT,Freight,5,COR-NDLS-CNB,2026-09-01,13:14
15177,FRT,Freight,5,COR-NDLS-CNB,2026-09-01,13:11
21160,FRT,Freight,5,COR-NDLS-CNB,2026-09-01,05:47
17543,FRT,Freight,5,COR-NDLS-CNB,2026-09-01,06:05
25409,MEMU,MEMU/EMU,4,COR-NDLS-CNB,2026-09-02,08:23
19529,MEMU,MEMU/EMU,4,COR-NDLS-CNB,2026-09-02,19:33
34154,MEMU,MEMU/EMU,4,COR-NDLS-CNB,2026-09-02,08:33
42882,EXP,Mail/Express,3,COR-NDLS-CNB,2026-09-02,19:23
54917,RAJ,Rajdhani Express,1,COR-NDLS-CNB,2026-09-02,05:58
92488,SF,Superfast Express,2,COR-NDLS-CNB,2026-09-02,05:14
25701,EXP,Mail/Express,3,COR-NDLS-CNB,2026-09-02,20:16
85281,SF,Superfast Express,2,COR-NDLS-CNB,2026-09-02,13:12
99871,EXP,Mail/Express,3,COR-NDLS-CNB,2026-09-02,18:06
78225,SF,Superfast Express,2,COR-NDLS-CNB,2026-09-02,07:08
62492,EXP,Mail/Express,3,COR-NDLS-CNB,2026-09-02,06:43
12988,RAJ,Rajdhani Express,1,COR-NDLS-CNB,2026-09-02,19:34
45919,MEMU,MEMU/EMU,4,COR-NDLS-CNB,2026-09-02,09:22
58426,SF,Superfast Express,2,COR-NDLS-CNB,2026-09-02,11:53
62167,EXP,Mail/Express,3,COR-NDLS-CNB,2026-09-02,01:46
19013,RAJ,Rajdhani Express,1,COR-NDLS-CNB,2026-09-02,10:38
49113,RAJ,Rajdhani Express,1,COR-NDLS-CNB,2026-09-02,18:22
13574,MEMU,MEMU/EMU,4,COR-NDLS-CNB,2026-09-02,19:25
17838,EXP,Mail/Express,3,COR-NDLS-CNB,2026-09-02,17:00
41368,SF,Superfast Express,2,COR-NDLS-CNB,2026-09-02,17:13
42228,PASS,Passenger,4,COR-NDLS-CNB,2026-09-02,12:31
59711,RAJ,Rajdhani Express,1,COR-NDLS-CNB,2026-09-02,13:50
56097,RAJ,Rajdhani Express,1,COR-NDLS-CNB,2026-09-02,18:47
65773,MEMU,MEMU/EMU,4,COR-NDLS-CNB,2026-09-02,07:09
38639,EXP,Mail/Express,3,COR-NDLS-CNB,2026-09-02,07:00
24823,PASS,Passenger,4,COR-NDLS-CNB,2026-09-02,22:04
33510,PASS,Passenger,4,COR-NDLS-CNB,2026-09-02,01:02
48333,PASS,Passenger,4,COR-NDLS-CNB,2026-09-02,06:48
16590,FRT,Freight,5,COR-NDLS-CNB,2026-09-02,01:23
41432,FRT,Freight,5,COR-NDLS-CNB,2026-09-02,00:09
50426,FRT,Freight,5,COR-NDLS-CNB,2026-09-02,21:51
59584,FRT,Freight,5,COR-NDLS-CNB,2026-09-02,01:49
97663,FRT,Freight,5,COR-NDLS-CNB,2026-09-02,02:33
48015,FRT,Freight,5,COR-NDLS-CNB,2026-09-02,00:35
83251,FRT,Freight,5,COR-NDLS-CNB,2026-09-02,14:46
79353,FRT,Freight,5,COR-NDLS-CNB,2026-09-02,13:35
92990,FRT,Freight,5,COR-NDLS-CNB,2026-09-02,23:15
14600,FRT,Freight,5,COR-NDLS-CNB,2026-09-02,22:14
34690,FRT,Freight,5,COR-NDLS-CNB,2026-09-02,08:17
43762,FRT,Freight,5,COR-NDLS-CNB,2026-09-02,06:06
47499,FRT,Freight,5,COR-NDLS-CNB,2026-09-02,04:46
97988,FRT,Freight,5,COR-NDLS-CNB,2026-09-02,02:21
17670,FRT,Freight,5,COR-NDLS-CNB,2026-09-02,02:31
96687,FRT,Freight,5,COR-NDLS-CNB,2026-09-02,02:42
27341,FRT,Freight,5,COR-NDLS-CNB,2026-09-02,01:18
83823,FRT,Freight,5,COR-NDLS-CNB,2026-09-02,03:39
94074,FRT,Freight,5,COR-NDLS-CNB,2026-09-02,04:55
27015,FRT,Freight,5,COR-NDLS-CNB,2026-09-02,23:00
75126,FRT,Freight,5,COR-NDLS-CNB,2026-09-02,13:34
65197,FRT,Freight,5,COR-NDLS-CNB,2026-09-02,23:04
59849,FRT,Freight,5,COR-NDLS-CNB,2026-09-02,06:49
25852,FRT,Freight,5,COR-NDLS-CNB,2026-09-02,10:11
65361,FRT,Freight,5,COR-NDLS-CNB,2026-09-02,05:11
31258,FRT,Freight,5,COR-NDLS-CNB,2026-09-02,02:20
72355,FRT,Freight,5,COR-NDLS-CNB,2026-09-02,02:58
51508,FRT,Freight,5,COR-NDLS-CNB,2026-09-02,23:57
77784,FRT,Freight,5,COR-NDLS-CNB,2026-09-02,23:18
12108,EXP,Mail/Express,3,COR-NDLS-CNB,2026-09-03,14:11
79483,SF,Superfast Express,2,COR-NDLS-CNB,2026-09-03,07:40
17899,RAJ,Rajdhani Express,1,COR-NDLS-CNB,2026-09-03,09:51
23372,EXP,Mail/Express,3,COR-NDLS-CNB,2026-09-03,15:28
47682,PASS,Passenger,4,COR-NDLS-CNB,2026-09-03,21:22
77799,RAJ,Rajdhani Express,1,COR-NDLS-CNB,2026-09-03,21:20
46583,RAJ,Rajdhani Express,1,COR-NDLS-CNB,2026-09-03,08:15
39295,PASS,Passenger,4,COR-NDLS-CNB,2026-09-03,18:52
76113,PASS,Passenger,4,COR-NDLS-CNB,2026-09-03,18:50
90565,RAJ,Rajdhani Express,1,COR-NDLS-CNB,2026-09-03,19:47
59574,MEMU,MEMU/EMU,4,COR-NDLS-CNB,2026-09-03,15:40
74934,RAJ,Rajdhani Express,1,COR-NDLS-CNB,2026-09-03,00:44
40066,SF,Superfast Express,2,COR-NDLS-CNB,2026-09-03,18:25
93149,SF,Superfast Express,2,COR-NDLS-CNB,2026-09-03,05:36
95096,MEMU,MEMU/EMU,4,COR-NDLS-CNB,2026-09-03,05:21
18945,EXP,Mail/Express,3,COR-NDLS-CNB,2026-09-03,16:50
39418,RAJ,Rajdhani Express,1,COR-NDLS-CNB,2026-09-03,23:09
92607,SF,Superfast Express,2,COR-NDLS-CNB,2026-09-03,07:06
59874,RAJ,Rajdhani Express,1,COR-NDLS-CNB,2026-09-03,16:08
27130,MEMU,MEMU/EMU,4,COR-NDLS-CNB,2026-09-03,08:24
96257,PASS,Passenger,4,COR-NDLS-CNB,2026-09-03,20:45
78248,MEMU,MEMU/EMU,4,COR-NDLS-CNB,2026-09-03,15:14
92627,MEMU,MEMU/EMU,4,COR-NDLS-CNB,2026-09-03,07:12
91393,MEMU,MEMU/EMU,4,COR-NDLS-CNB,2026-09-03,08:41
51394,SF,Superfast Express,2,COR-NDLS-CNB,2026-09-03,11:45
59635,MEMU,MEMU/EMU,4,COR-NDLS-CNB,2026-09-03,06:25
92089,PASS,Passenger,4,COR-NDLS-CNB,2026-09-03,05:20
27404,PASS,Passenger,4,COR-NDLS-CNB,2026-09-03,17:22
54590,FRT,Freight,5,COR-NDLS-CNB,2026-09-03,04:17
82554,FRT,Freight,5,COR-NDLS-CNB,2026-09-03,23:21
20621,FRT,Freight,5,COR-NDLS-CNB,2026-09-03,20:07
10973,FRT,Freight,5,COR-NDLS-CNB,2026-09-03,23:33
68786,FRT,Freight,5,COR-NDLS-CNB,2026-09-03,02:08
47097,FRT,Freight,5,COR-NDLS-CNB,2026-09-03,02:06
44245,FRT,Freight,5,COR-NDLS-CNB,2026-09-03,11:29
75211,FRT,Freight,5,COR-NDLS-CNB,2026-09-03,14:17
64841,FRT,Freight,5,COR-NDLS-CNB,2026-09-03,02:26
35346,FRT,Freight,5,COR-NDLS-CNB,2026-09-03,21:15
81980,FRT,Freight,5,COR-NDLS-CNB,2026-09-03,12:20
59153,FRT,Freight,5,COR-NDLS-CNB,2026-09-03,08:04
86942,FRT,Freight,5,COR-NDLS-CNB,2026-09-03,13:54
15972,FRT,Freight,5,COR-NDLS-CNB,2026-09-03,14:28
96643,PASS,Passenger,4,COR-NDLS-CNB,2026-09-04,00:40
84684,EXP,Mail/Express,3,COR-NDLS-CNB,2026-09-04,10:48
93035,MEMU,MEMU/EMU,4,COR-NDLS-CNB,2026-09-04,04:10
28165,PASS,Passenger,4,COR-NDLS-CNB,2026-09-04,10:37
28260,EXP,Mail/Express,3,COR-NDLS-CNB,2026-09-04,02:40
64515,MEMU,MEMU/EMU,4,COR-NDLS-CNB,2026-09-04,19:49
40480,MEMU,MEMU/EMU,4,COR-NDLS-CNB,2026-09-04,07:51
62527,RAJ,Rajdhani Express,1,COR-NDLS-CNB,2026-09-04,08:01
69789,MEMU,MEMU/EMU,4,COR-NDLS-CNB,2026-09-04,20:03
61902,RAJ,Rajdhani Express,1,COR-NDLS-CNB,2026-09-04,18:49
42191,SF,Superfast Express,2,COR-NDLS-CNB,2026-09-04,07:27
69488,SF,Superfast Express,2,COR-NDLS-CNB,2026-09-04,04:32
85082,EXP,Mail/Express,3,COR-NDLS-CNB,2026-09-04,18:10
46044,RAJ,Rajdhani Express,1,COR-NDLS-CNB,2026-09-04,10:02
59600,SF,Superfast Express,2,COR-NDLS-CNB,2026-09-04,18:39
97457,SF,Superfast Express,2,COR-NDLS-CNB,2026-09-04,11:04
58776,SF,Superfast Express,2,COR-NDLS-CNB,2026-09-04,09:51
22836,MEMU,MEMU/EMU,4,COR-NDLS-CNB,2026-09-04,11:20
84525,RAJ,Rajdhani Express,1,COR-NDLS-CNB,2026-09-04,18:21
62648,SF,Superfast Express,2,COR-NDLS-CNB,2026-09-04,20:53
23740,RAJ,Rajdhani Express,1,COR-NDLS-CNB,2026-09-04,03:36
23102,PASS,Passenger,4,COR-NDLS-CNB,2026-09-04,13:59
90893,PASS,Passenger,4,COR-NDLS-CNB,2026-09-04,02:10
61334,MEMU,MEMU/EMU,4,COR-NDLS-CNB,2026-09-04,11:43
40255,PASS,Passenger,4,COR-NDLS-CNB,2026-09-04,20:21
35221,EXP,Mail/Express,3,COR-NDLS-CNB,2026-09-04,09:40
73265,RAJ,Rajdhani Express,1,COR-NDLS-CNB,2026-09-04,21:52
10719,SF,Superfast Express,2,COR-NDLS-CNB,2026-09-04,16:12
81609,FRT,Freight,5,COR-NDLS-CNB,2026-09-04,12:47
26744,FRT,Freight,5,COR-NDLS-CNB,2026-09-04,15:22
86095,FRT,Freight,5,COR-NDLS-CNB,2026-09-04,18:05
65517,FRT,Freight,5,COR-NDLS-CNB,2026-09-04,02:23
58865,FRT,Freight,5,COR-NDLS-CNB,2026-09-04,13:56
83937,FRT,Freight,5,COR-NDLS-CNB,2026-09-04,22:23
87195,FRT,Freight,5,COR-NDLS-CNB,2026-09-04,23:20
23894,FRT,Freight,5,COR-NDLS-CNB,2026-09-04,15:55
39160,FRT,Freight,5,COR-NDLS-CNB,2026-09-04,23:41
63095,FRT,Freight,5,COR-NDLS-CNB,2026-09-04,13:30
39272,FRT,Freight,5,COR-NDLS-CNB,2026-09-04,09:46
82179,EXP,Mail/Express,3,COR-NDLS-CNB,2026-09-05,21:29
58435,EXP,Mail/Express,3,COR-NDLS-CNB,2026-09-05,13:39
34044,PASS,Passenger,4,COR-NDLS-CNB,2026-09-05,20:34
21246,RAJ,Rajdhani Express,1,COR-NDLS-CNB,2026-09-05,09:32
12458,SF,Superfast Express,2,COR-NDLS-CNB,2026-09-05,09:19
68507,EXP,Mail/Express,3,COR-NDLS-CNB,2026-09-05,23:56
16028,MEMU,MEMU/EMU,4,COR-NDLS-CNB,2026-09-05,13:15
61901,SF,Superfast Express,2,COR-NDLS-CNB,2026-09-05,06:08
16306,PASS,Passenger,4,COR-NDLS-CNB,2026-09-05,07:30
37678,RAJ,Rajdhani Express,1,COR-NDLS-CNB,2026-09-05,12:16
22363,MEMU,MEMU/EMU,4,COR-NDLS-CNB,2026-09-05,03:58
24066,SF,Superfast Express,2,COR-NDLS-CNB,2026-09-05,11:30
73804,SF,Superfast Express,2,COR-NDLS-CNB,2026-09-05,10:47
58544,EXP,Mail/Express,3,COR-NDLS-CNB,2026-09-05,18:22
10189,SF,Superfast Express,2,COR-NDLS-CNB,2026-09-05,09:05
21752,RAJ,Rajdhani Express,1,COR-NDLS-CNB,2026-09-05,23:29
17482,RAJ,Rajdhani Express,1,COR-NDLS-CNB,2026-09-05,06:54
26679,SF,Superfast Express,2,COR-NDLS-CNB,2026-09-05,15:06
10799,EXP,Mail/Express,3,COR-NDLS-CNB,2026-09-05,05:55
19934,MEMU,MEMU/EMU,4,COR-NDLS-CNB,2026-09-05,18:47
67558,MEMU,MEMU/EMU,4,COR-NDLS-CNB,2026-09-05,23:39
69223,EXP,Mail/Express,3,COR-NDLS-CNB,2026-09-05,19:41
94620,PASS,Passenger,4,COR-NDLS-CNB,2026-09-05,14:45
51556,RAJ,Rajdhani Express,1,COR-NDLS-CNB,2026-09-05,12:10
19909,PASS,Passenger,4,COR-NDLS-CNB,2026-09-05,19:33
53558,EXP,Mail/Express,3,COR-NDLS-CNB,2026-09-05,21:11
89382,PASS,Passenger,4,COR-NDLS-CNB,2026-09-05,23:59
97793,EXP,Mail/Express,3,COR-NDLS-CNB,2026-09-05,10:59
75402,FRT,Freight,5,COR-NDLS-CNB,2026-09-05,05:13
64176,FRT,Freight,5,COR-NDLS-CNB,2026-09-05,03:15
51733,FRT,Freight,5,COR-NDLS-CNB,2026-09-05,18:42
24418,FRT,Freight,5,COR-NDLS-CNB,2026-09-05,00:19
47185,FRT,Freight,5,COR-NDLS-CNB,2026-09-05,04:43
51745,FRT,Freight,5,COR-NDLS-CNB,2026-09-05,07:14
63787,FRT,Freight,5,COR-NDLS-CNB,2026-09-05,22:55
90123,FRT,Freight,5,COR-NDLS-CNB,2026-09-05,23:43
62035,FRT,Freight,5,COR-NDLS-CNB,2026-09-05,16:25
97804,FRT,Freight,5,COR-NDLS-CNB,2026-09-05,11:08
75984,FRT,Freight,5,COR-NDLS-CNB,2026-09-05,14:00
62462,FRT,Freight,5,COR-NDLS-CNB,2026-09-05,08:34
47353,FRT,Freight,5,COR-NDLS-CNB,2026-09-05,04:43
83644,FRT,Freight,5,COR-NDLS-CNB,2026-09-05,23:19
58302,FRT,Freight,5,COR-NDLS-CNB,2026-09-05,01:44
86979,FRT,Freight,5,COR-NDLS-CNB,2026-09-05,05:54
32435,FRT,Freight,5,COR-NDLS-CNB,2026-09-05,22:05
67728,FRT,Freight,5,COR-NDLS-CNB,2026-09-05,16:41
68415,MEMU,MEMU/EMU,4,COR-NDLS-CNB,2026-09-06,01:19
77567,MEMU,MEMU/EMU,4,COR-NDLS-CNB,2026-09-06,18:48
72713,PASS,Passenger,4,COR-NDLS-CNB,2026-09-06,05:10
93169,PASS,Passenger,4,COR-NDLS-CNB,2026-09-06,19:25
68639,RAJ,Rajdhani Express,1,COR-NDLS-CNB,2026-09-06,06:43
98728,MEMU,MEMU/EMU,4,COR-NDLS-CNB,2026-09-06,09:02
95476,RAJ,Rajdhani Express,1,COR-NDLS-CNB,2026-09-06,18:05
18988,PASS,Passenger,4,COR-NDLS-CNB,2026-09-06,22:42
88488,EXP,Mail/Express,3,COR-NDLS-CNB,2026-09-06,09:44
12977,MEMU,MEMU/EMU,4,COR-NDLS-CNB,2026-09-06,19:10
64641,EXP,Mail/Express,3,COR-NDLS-CNB,2026-09-06,07:07
11268,RAJ,Rajdhani Express,1,COR-NDLS-CNB,2026-09-06,19:28
64431,RAJ,Rajdhani Express,1,COR-NDLS-CNB,2026-09-06,17:09
26756,SF,Superfast Express,2,COR-NDLS-CNB,2026-09-06,07:33
30764,MEMU,MEMU/EMU,4,COR-NDLS-CNB,2026-09-06,08:23
69912,MEMU,MEMU/EMU,4,COR-NDLS-CNB,2026-09-06,06:45
50385,RAJ,Rajdhani Express,1,COR-NDLS-CNB,2026-09-06,09:47
25032,EXP,Mail/Express,3,COR-NDLS-CNB,2026-09-06,07:16
55702,MEMU,MEMU/EMU,4,COR-NDLS-CNB,2026-09-06,16:31
21885,RAJ,Rajdhani Express,1,COR-NDLS-CNB,2026-09-06,23:10
19796,SF,Superfast Express,2,COR-NDLS-CNB,2026-09-06,00:33
42863,PASS,Passenger,4,COR-NDLS-CNB,2026-09-06,13:23
91014,MEMU,MEMU/EMU,4,COR-NDLS-CNB,2026-09-06,15:54
42117,PASS,Passenger,4,COR-NDLS-CNB,2026-09-06,21:04
30753,EXP,Mail/Express,3,COR-NDLS-CNB,2026-09-06,12:28
31191,SF,Superfast Express,2,COR-NDLS-CNB,2026-09-07,09:01
93457,MEMU,MEMU/EMU,4,COR-NDLS-CNB,2026-09-07,17:45
46640,PASS,Passenger,4,COR-NDLS-CNB,2026-09-07,21:51
72293,PASS,Passenger,4,COR-NDLS-CNB,2026-09-07,07:38
46688,RAJ,Rajdhani Express,1,COR-NDLS-CNB,2026-09-07,20:36
81229,PASS,Passenger,4,COR-NDLS-CNB,2026-09-07,21:13
95802,EXP,Mail/Express,3,COR-NDLS-CNB,2026-09-07,20:08
34122,PASS,Passenger,4,COR-NDLS-CNB,2026-09-07,22:09
51224,EXP,Mail/Express,3,COR-NDLS-CNB,2026-09-07,19:06
16331,EXP,Mail/Express,3,COR-NDLS-CNB,2026-09-07,15:27
97102,RAJ,Rajdhani Express,1,COR-NDLS-CNB,2026-09-07,10:45
52262,SF,Superfast Express,2,COR-NDLS-CNB,2026-09-07,12:24
96314,EXP,Mail/Express,3,COR-NDLS-CNB,2026-09-07,20:45
69592,PASS,Passenger,4,COR-NDLS-CNB,2026-09-07,08:56
43926,PASS,Passenger,4,COR-NDLS-CNB,2026-09-07,06:27
96287,EXP,Mail/Express,3,COR-NDLS-CNB,2026-09-07,06:01
27528,PASS,Passenger,4,COR-NDLS-CNB,2026-09-07,19:16
10068,MEMU,MEMU/EMU,4,COR-NDLS-CNB,2026-09-07,18:58
79253,RAJ,Rajdhani Express,1,COR-NDLS-CNB,2026-09-07,12:51
90754,PASS,Passenger,4,COR-NDLS-CNB,2026-09-07,08:03
53968,RAJ,Rajdhani Express,1,COR-NDLS-CNB,2026-09-07,17:12
58623,EXP,Mail/Express,3,COR-NDLS-CNB,2026-09-07,02:17
52129,EXP,Mail/Express,3,COR-NDLS-CNB,2026-09-07,14:02
71321,EXP,Mail/Express,3,COR-NDLS-CNB,2026-09-07,10:50
21526,RAJ,Rajdhani Express,1,COR-NDLS-CNB,2026-09-07,23:36
36709,PASS,Passenger,4,COR-NDLS-CNB,2026-09-07,12:32
25063,MEMU,MEMU/EMU,4,COR-NDLS-CNB,2026-09-07,14:40
14723,RAJ,Rajdhani Express,1,COR-NDLS-CNB,2026-09-07,18:23
65812,MEMU,MEMU/EMU,4,COR-NDLS-CNB,2026-09-08,04:14
51616,PASS,Passenger,4,COR-NDLS-CNB,2026-09-08,23:16
71284,PASS,Passenger,4,COR-NDLS-CNB,2026-09-08,10:47
59741,RAJ,Rajdhani Express,1,COR-NDLS-CNB,2026-09-08,21:51
63478,SF,Superfast Express,2,COR-NDLS-CNB,2026-09-08,08:06
64056,MEMU,MEMU/EMU,4,COR-NDLS-CNB,2026-09-08,18:47
55534,EXP,Mail/Express,3,COR-NDLS-CNB,2026-09-08,07:04
89056,MEMU,MEMU/EMU,4,COR-NDLS-CNB,2026-09-08,12:33
74162,PASS,Passenger,4,COR-NDLS-CNB,2026-09-08,19:32
54711,PASS,Passenger,4,COR-NDLS-CNB,2026-09-08,19:53
32805,RAJ,Rajdhani Express,1,COR-NDLS-CNB,2026-09-08,19:44
30143,SF,Superfast Express,2,COR-NDLS-CNB,2026-09-08,19:15
85828,EXP,Mail/Express,3,COR-NDLS-CNB,2026-09-08,07:36
72473,MEMU,MEMU/EMU,4,COR-NDLS-CNB,2026-09-08,12:02
26017,SF,Superfast Express,2,COR-NDLS-CNB,2026-09-08,12:58
73202,EXP,Mail/Express,3,COR-NDLS-CNB,2026-09-08,20:58
51423,PASS,Passenger,4,COR-NDLS-CNB,2026-09-08,08:46
51713,PASS,Passenger,4,COR-NDLS-CNB,2026-09-08,21:47
97856,RAJ,Rajdhani Express,1,COR-NDLS-CNB,2026-09-08,11:42
84310,RAJ,Rajdhani Express,1,COR-NDLS-CNB,2026-09-08,17:56
12205,MEMU,MEMU/EMU,4,COR-NDLS-CNB,2026-09-08,08:50
63266,SF,Superfast Express,2,COR-NDLS-CNB,2026-09-08,10:49
22342,SF,Superfast Express,2,COR-NDLS-CNB,2026-09-08,18:20
79563,EXP,Mail/Express,3,COR-NDLS-CNB,2026-09-08,13:40
73190,MEMU,MEMU/EMU,4,COR-NDLS-CNB,2026-09-08,21:07
91863,RAJ,Rajdhani Express,1,COR-NDLS-CNB,2026-09-08,18:21
31200,MEMU,MEMU/EMU,4,COR-NDLS-CNB,2026-09-08,14:50
17188,PASS,Passenger,4,COR-NDLS-CNB,2026-09-08,20:53
59460,RAJ,Rajdhani Express,1,COR-NDLS-CNB,2026-09-09,20:21
80975,SF,Superfast Express,2,COR-NDLS-CNB,2026-09-09,07:35
79843,RAJ,Rajdhani Express,1,COR-NDLS-CNB,2026-09-09,19:00
12364,PASS,Passenger,4,COR-NDLS-CNB,2026-09-09,10:42
26568,RAJ,Rajdhani Express,1,COR-NDLS-CNB,2026-09-09,00:54
48092,SF,Superfast Express,2,COR-NDLS-CNB,2026-09-09,18:39
81019,PASS,Passenger,4,COR-NDLS-CNB,2026-09-09,15:33
72679,EXP,Mail/Express,3,COR-NDLS-CNB,2026-09-09,09:33
75781,MEMU,MEMU/EMU,4,COR-NDLS-CNB,2026-09-09,08:47
18430,EXP,Mail/Express,3,COR-NDLS-CNB,2026-09-09,04:32
83719,PASS,Passenger,4,COR-NDLS-CNB,2026-09-09,21:03
48692,PASS,Passenger,4,COR-NDLS-CNB,2026-09-09,12:37
40086,PASS,Passenger,4,COR-NDLS-CNB,2026-09-09,05:29
59671,SF,Superfast Express,2,COR-NDLS-CNB,2026-09-09,20:52
23901,PASS,Passenger,4,COR-NDLS-CNB,2026-09-09,08:51
13907,MEMU,MEMU/EMU,4,COR-NDLS-CNB,2026-09-09,07:45
38604,SF,Superfast Express,2,COR-NDLS-CNB,2026-09-09,08:19
47869,PASS,Passenger,4,COR-NDLS-CNB,2026-09-09,14:25
24537,SF,Superfast Express,2,COR-NDLS-CNB,2026-09-09,04:14
22501,MEMU,MEMU/EMU,4,COR-NDLS-CNB,2026-09-09,12:06
47371,MEMU,MEMU/EMU,4,COR-NDLS-CNB,2026-09-09,20:06
46821,SF,Superfast Express,2,COR-NDLS-CNB,2026-09-09,07:49
98732,RAJ,Rajdhani Express,1,COR-NDLS-CNB,2026-09-09,09:28
16073,EXP,Mail/Express,3,COR-NDLS-CNB,2026-09-09,10:22
71005,PASS,Passenger,4,COR-NDLS-CNB,2026-09-09,15:33
86097,EXP,Mail/Express,3,COR-NDLS-CNB,2026-09-09,21:19
28101,MEMU,MEMU/EMU,4,COR-NDLS-CNB,2026-09-09,10:14
41426,EXP,Mail/Express,3,COR-NDLS-CNB,2026-09-09,04:32
25299,RAJ,Rajdhani Express,1,COR-NDLS-CNB,2026-09-10,18:36
11902,EXP,Mail/Express,3,COR-NDLS-CNB,2026-09-10,12:32
52399,EXP,Mail/Express,3,COR-NDLS-CNB,2026-09-10,07:42
58330,MEMU,MEMU/EMU,4,COR-NDLS-CNB,2026-09-10,06:57
56308,MEMU,MEMU/EMU,4,COR-NDLS-CNB,2026-09-10,09:20
13846,PASS,Passenger,4,COR-NDLS-CNB,2026-09-10,06:19
22359,SF,Superfast Express,2,COR-NDLS-CNB,2026-09-10,23:00
59376,PASS,Passenger,4,COR-NDLS-CNB,2026-09-10,03:38
78056,MEMU,MEMU/EMU,4,COR-NDLS-CNB,2026-09-10,11:46
50832,PASS,Passenger,4,COR-NDLS-CNB,2026-09-10,11:16
30098,EXP,Mail/Express,3,COR-NDLS-CNB,2026-09-10,08:28
59962,EXP,Mail/Express,3,COR-NDLS-CNB,2026-09-10,15:07
98672,MEMU,MEMU/EMU,4,COR-NDLS-CNB,2026-09-10,06:25
45885,MEMU,MEMU/EMU,4,COR-NDLS-CNB,2026-09-10,19:27
31157,PASS,Passenger,4,COR-NDLS-CNB,2026-09-10,09:33
58372,PASS,Passenger,4,COR-NDLS-CNB,2026-09-10,15:25
29674,EXP,Mail/Express,3,COR-NDLS-CNB,2026-09-10,18:12
42357,SF,Superfast Express,2,COR-NDLS-CNB,2026-09-10,20:43
22578,SF,Superfast Express,2,COR-NDLS-CNB,2026-09-10,19:36
12251,MEMU,MEMU/EMU,4,COR-NDLS-CNB,2026-09-10,16:12
89049,PASS,Passenger,4,COR-NDLS-CNB,2026-09-10,10:37
47429,SF,Superfast Express,2,COR-NDLS-CNB,2026-09-10,12:24
56871,PASS,Passenger,4,COR-NDLS-CNB,2026-09-10,18:46
96526,RAJ,Rajdhani Express,1,COR-NDLS-CNB,2026-09-10,20:22
35499,EXP,Mail/Express,3,COR-NDLS-CNB,2026-09-10,05:21
16421,PASS,Passenger,4,COR-NDLS-CNB,2026-09-10,09:20
62204,PASS,Passenger,4,COR-NDLS-CNB,2026-09-10,18:53
34591,PASS,Passenger,4,COR-NDLS-CNB,2026-09-10,11:29
27985,SF,Superfast Express,2,COR-NDLS-CNB,2026-09-11,07:34
15888,PASS,Passenger,4,COR-NDLS-CNB,2026-09-11,07:26
79254,RAJ,Rajdhani Express,1,COR-NDLS-CNB,2026-09-11,07:03
93845,SF,Superfast Express,2,COR-NDLS-CNB,2026-09-11,14:09
29299,MEMU,MEMU/EMU,4,COR-NDLS-CNB,2026-09-11,12:38
66050,MEMU,MEMU/EMU,4,COR-NDLS-CNB,2026-09-11,07:32
32036,EXP,Mail/Express,3,COR-NDLS-CNB,2026-09-11,04:58
95421,RAJ,Rajdhani Express,1,COR-NDLS-CNB,2026-09-11,06:37
39346,PASS,Passenger,4,COR-NDLS-CNB,2026-09-11,23:07
36691,RAJ,Rajdhani Express,1,COR-NDLS-CNB,2026-09-11,11:48
27986,MEMU,MEMU/EMU,4,COR-NDLS-CNB,2026-09-11,20:23
37846,PASS,Passenger,4,COR-NDLS-CNB,2026-09-11,19:38
59665,RAJ,Rajdhani Express,1,COR-NDLS-CNB,2026-09-11,12:32
51401,SF,Superfast Express,2,COR-NDLS-CNB,2026-09-11,17:40
83728,PASS,Passenger,4,COR-NDLS-CNB,2026-09-11,07:42
60054,SF,Superfast Express,2,COR-NDLS-CNB,2026-09-11,17:18
48487,RAJ,Rajdhani Express,1,COR-NDLS-CNB,2026-09-11,08:01
19412,PASS,Passenger,4,COR-NDLS-CNB,2026-09-11,19:54
91499,EXP,Mail/Express,3,COR-NDLS-CNB,2026-09-11,05:10
61473,EXP,Mail/Express,3,COR-NDLS-CNB,2026-09-11,18:34
76553,MEMU,MEMU/EMU,4,COR-NDLS-CNB,2026-09-11,05:16
15279,PASS,Passenger,4,COR-NDLS-CNB,2026-09-11,20:41
85948,RAJ,Rajdhani Express,1,COR-NDLS-CNB,2026-09-11,08:02
17712,EXP,Mail/Express,3,COR-NDLS-CNB,2026-09-11,17:21
25817,MEMU,MEMU/EMU,4,COR-NDLS-CNB,2026-09-11,12:34
63832,PASS,Passenger,4,COR-NDLS-CNB,2026-09-11,09:20
66224,EXP,Mail/Express,3,COR-NDLS-CNB,2026-09-11,16:24
16624,PASS,Passenger,4,COR-NDLS-CNB,2026-09-11,22:38
50533,MEMU,MEMU/EMU,4,COR-NDLS-CNB,2026-09-12,05:21
15404,RAJ,Rajdhani Express,1,COR-NDLS-CNB,2026-09-12,17:26
43339,MEMU,MEMU/EMU,4,COR-NDLS-CNB,2026-09-12,09:14
38725,RAJ,Rajdhani Express,1,COR-NDLS-CNB,2026-09-12,07:38
84332,SF,Superfast Express,2,COR-NDLS-CNB,2026-09-12,08:44
55380,EXP,Mail/Express,3,COR-NDLS-CNB,2026-09-12,06:56
58073,SF,Superfast Express,2,COR-NDLS-CNB,2026-09-12,20:34
70873,RAJ,Rajdhani Express,1,COR-NDLS-CNB,2026-09-12,06:25
96900,PASS,Passenger,4,COR-NDLS-CNB,2026-09-12,20:22
51341,RAJ,Rajdhani Express,1,COR-NDLS-CNB,2026-09-12,15:12
11236,RAJ,Rajdhani Express,1,COR-NDLS-CNB,2026-09-12,20:25
77916,PASS,Passenger,4,COR-NDLS-CNB,2026-09-12,12:02
24538,SF,Superfast Express,2,COR-NDLS-CNB,2026-09-12,21:28
21971,EXP,Mail/Express,3,COR-NDLS-CNB,2026-09-12,07:01
93453,RAJ,Rajdhani Express,1,COR-NDLS-CNB,2026-09-12,14:27
48655,RAJ,Rajdhani Express,1,COR-NDLS-CNB,2026-09-12,06:22
87022,EXP,Mail/Express,3,COR-NDLS-CNB,2026-09-12,11:35
70784,RAJ,Rajdhani Express,1,COR-NDLS-CNB,2026-09-12,15:48
71289,EXP,Mail/Express,3,COR-NDLS-CNB,2026-09-12,16:05
47410,EXP,Mail/Express,3,COR-NDLS-CNB,2026-09-12,09:10
61302,EXP,Mail/Express,3,COR-NDLS-CNB,2026-09-12,04:37
31703,PASS,Passenger,4,COR-NDLS-CNB,2026-09-12,17:53
54191,SF,Superfast Express,2,COR-NDLS-CNB,2026-09-12,12:33
64112,SF,Superfast Express,2,COR-NDLS-CNB,2026-09-12,06:16
21399,MEMU,MEMU/EMU,4,COR-NDLS-CNB,2026-09-12,21:02
22685,PASS,Passenger,4,COR-NDLS-CNB,2026-09-12,22:43
97777,MEMU,MEMU/EMU,4,COR-NDLS-CNB,2026-09-12,20:45
14487,SF,Superfast Express,2,COR-NDLS-CNB,2026-09-12,19:33
74038,SF,Superfast Express,2,COR-CNB-DDU,2026-08-30,17:44
66126,SF,Superfast Express,2,COR-CNB-DDU,2026-08-30,10:30
45449,RAJ,Rajdhani Express,1,COR-CNB-DDU,2026-08-30,08:07
28639,MEMU,MEMU/EMU,4,COR-CNB-DDU,2026-08-30,21:29
55370,PASS,Passenger,4,COR-CNB-DDU,2026-08-30,19:12
84628,MEMU,MEMU/EMU,4,COR-CNB-DDU,2026-08-30,05:15
81918,SF,Superfast Express,2,COR-CNB-DDU,2026-08-30,06:01
52710,PASS,Passenger,4,COR-CNB-DDU,2026-08-30,21:44
64051,MEMU,MEMU/EMU,4,COR-CNB-DDU,2026-08-30,05:17
70639,SF,Superfast Express,2,COR-CNB-DDU,2026-08-30,17:34
13159,SF,Superfast Express,2,COR-CNB-DDU,2026-08-30,07:44
81192,PASS,Passenger,4,COR-CNB-DDU,2026-08-30,02:18
76988,EXP,Mail/Express,3,COR-CNB-DDU,2026-08-30,04:12
28706,PASS,Passenger,4,COR-CNB-DDU,2026-08-30,09:50
19862,EXP,Mail/Express,3,COR-CNB-DDU,2026-08-30,05:03
20219,RAJ,Rajdhani Express,1,COR-CNB-DDU,2026-08-30,15:18
99017,PASS,Passenger,4,COR-CNB-DDU,2026-08-30,17:49
44536,EXP,Mail/Express,3,COR-CNB-DDU,2026-08-30,09:24
81632,MEMU,MEMU/EMU,4,COR-CNB-DDU,2026-08-30,18:37
87391,SF,Superfast Express,2,COR-CNB-DDU,2026-08-30,12:50
72886,RAJ,Rajdhani Express,1,COR-CNB-DDU,2026-08-30,10:56
89996,PASS,Passenger,4,COR-CNB-DDU,2026-08-30,10:30
43937,EXP,Mail/Express,3,COR-CNB-DDU,2026-08-30,11:35
31094,MEMU,MEMU/EMU,4,COR-CNB-DDU,2026-08-30,22:03
45958,FRT,Freight,5,COR-CNB-DDU,2026-08-30,16:53
90882,FRT,Freight,5,COR-CNB-DDU,2026-08-30,00:03
28008,FRT,Freight,5,COR-CNB-DDU,2026-08-30,03:49
87656,FRT,Freight,5,COR-CNB-DDU,2026-08-30,12:38
40283,FRT,Freight,5,COR-CNB-DDU,2026-08-30,05:42
60908,FRT,Freight,5,COR-CNB-DDU,2026-08-30,20:30
17818,FRT,Freight,5,COR-CNB-DDU,2026-08-30,19:28
80655,FRT,Freight,5,COR-CNB-DDU,2026-08-30,22:58
40579,FRT,Freight,5,COR-CNB-DDU,2026-08-30,12:35
65178,FRT,Freight,5,COR-CNB-DDU,2026-08-30,06:12
67584,FRT,Freight,5,COR-CNB-DDU,2026-08-30,13:40
75020,FRT,Freight,5,COR-CNB-DDU,2026-08-30,01:08
90225,EXP,Mail/Express,3,COR-CNB-DDU,2026-08-31,07:05
92273,PASS,Passenger,4,COR-CNB-DDU,2026-08-31,08:58
91550,EXP,Mail/Express,3,COR-CNB-DDU,2026-08-31,07:32
97354,PASS,Passenger,4,COR-CNB-DDU,2026-08-31,08:14
86680,EXP,Mail/Express,3,COR-CNB-DDU,2026-08-31,19:14
67602,SF,Superfast Express,2,COR-CNB-DDU,2026-08-31,16:13
76403,PASS,Passenger,4,COR-CNB-DDU,2026-08-31,10:38
37182,PASS,Passenger,4,COR-CNB-DDU,2026-08-31,22:04
89876,RAJ,Rajdhani Express,1,COR-CNB-DDU,2026-08-31,11:51
87373,SF,Superfast Express,2,COR-CNB-DDU,2026-08-31,22:56
57059,PASS,Passenger,4,COR-CNB-DDU,2026-08-31,07:25
18787,MEMU,MEMU/EMU,4,COR-CNB-DDU,2026-08-31,20:47
10393,EXP,Mail/Express,3,COR-CNB-DDU,2026-08-31,00:16
71775,MEMU,MEMU/EMU,4,COR-CNB-DDU,2026-08-31,14:42
69454,EXP,Mail/Express,3,COR-CNB-DDU,2026-08-31,10:46
22056,EXP,Mail/Express,3,COR-CNB-DDU,2026-08-31,13:51
71483,RAJ,Rajdhani Express,1,COR-CNB-DDU,2026-08-31,14:15
54957,PASS,Passenger,4,COR-CNB-DDU,2026-08-31,10:34
38429,EXP,Mail/Express,3,COR-CNB-DDU,2026-08-31,23:37
55909,RAJ,Rajdhani Express,1,COR-CNB-DDU,2026-08-31,22:52
62906,MEMU,MEMU/EMU,4,COR-CNB-DDU,2026-08-31,22:22
96290,RAJ,Rajdhani Express,1,COR-CNB-DDU,2026-08-31,23:12
54389,MEMU,MEMU/EMU,4,COR-CNB-DDU,2026-08-31,19:32
30905,PASS,Passenger,4,COR-CNB-DDU,2026-08-31,23:28
99619,EXP,Mail/Express,3,COR-CNB-DDU,2026-08-31,20:52
63730,SF,Superfast Express,2,COR-CNB-DDU,2026-08-31,10:45
26163,FRT,Freight,5,COR-CNB-DDU,2026-08-31,23:20
78380,FRT,Freight,5,COR-CNB-DDU,2026-08-31,22:22
82883,FRT,Freight,5,COR-CNB-DDU,2026-08-31,03:56
61885,FRT,Freight,5,COR-CNB-DDU,2026-08-31,19:08
96340,FRT,Freight,5,COR-CNB-DDU,2026-08-31,14:55
46764,FRT,Freight,5,COR-CNB-DDU,2026-08-31,02:00
72126,FRT,Freight,5,COR-CNB-DDU,2026-08-31,06:20
77224,FRT,Freight,5,COR-CNB-DDU,2026-08-31,02:21
57055,FRT,Freight,5,COR-CNB-DDU,2026-08-31,04:53
61599,FRT,Freight,5,COR-CNB-DDU,2026-08-31,14:03
92787,FRT,Freight,5,COR-CNB-DDU,2026-08-31,07:00
88040,FRT,Freight,5,COR-CNB-DDU,2026-08-31,07:50
49720,FRT,Freight,5,COR-CNB-DDU,2026-08-31,12:09
54484,FRT,Freight,5,COR-CNB-DDU,2026-08-31,01:14
48852,FRT,Freight,5,COR-CNB-DDU,2026-08-31,17:51
48599,MEMU,MEMU/EMU,4,COR-CNB-DDU,2026-09-01,11:05
32593,EXP,Mail/Express,3,COR-CNB-DDU,2026-09-01,09:01
70334,SF,Superfast Express,2,COR-CNB-DDU,2026-09-01,09:37
69893,SF,Superfast Express,2,COR-CNB-DDU,2026-09-01,14:08
52636,MEMU,MEMU/EMU,4,COR-CNB-DDU,2026-09-01,07:02
79225,EXP,Mail/Express,3,COR-CNB-DDU,2026-09-01,13:15
50363,SF,Superfast Express,2,COR-CNB-DDU,2026-09-01,08:24
65959,RAJ,Rajdhani Express,1,COR-CNB-DDU,2026-09-01,08:23
90223,RAJ,Rajdhani Express,1,COR-CNB-DDU,2026-09-01,18:46
95917,EXP,Mail/Express,3,COR-CNB-DDU,2026-09-01,02:28
99125,PASS,Passenger,4,COR-CNB-DDU,2026-09-01,09:43
11120,RAJ,Rajdhani Express,1,COR-CNB-DDU,2026-09-01,10:54
26491,MEMU,MEMU/EMU,4,COR-CNB-DDU,2026-09-01,12:39
53638,EXP,Mail/Express,3,COR-CNB-DDU,2026-09-01,17:25
49062,SF,Superfast Express,2,COR-CNB-DDU,2026-09-01,09:37
15193,RAJ,Rajdhani Express,1,COR-CNB-DDU,2026-09-01,07:34
99144,EXP,Mail/Express,3,COR-CNB-DDU,2026-09-01,20:22
25213,EXP,Mail/Express,3,COR-CNB-DDU,2026-09-01,23:03
89766,PASS,Passenger,4,COR-CNB-DDU,2026-09-01,01:58
93959,SF,Superfast Express,2,COR-CNB-DDU,2026-09-01,14:41
27187,SF,Superfast Express,2,COR-CNB-DDU,2026-09-01,09:13
20040,SF,Superfast Express,2,COR-CNB-DDU,2026-09-01,08:52
76302,MEMU,MEMU/EMU,4,COR-CNB-DDU,2026-09-01,09:55
39949,EXP,Mail/Express,3,COR-CNB-DDU,2026-09-01,16:46
13527,MEMU,MEMU/EMU,4,COR-CNB-DDU,2026-09-01,07:38
86557,MEMU,MEMU/EMU,4,COR-CNB-DDU,2026-09-01,21:06
87585,FRT,Freight,5,COR-CNB-DDU,2026-09-01,04:08
68542,FRT,Freight,5,COR-CNB-DDU,2026-09-01,16:10
25628,FRT,Freight,5,COR-CNB-DDU,2026-09-01,03:05
18265,FRT,Freight,5,COR-CNB-DDU,2026-09-01,19:58
34671,FRT,Freight,5,COR-CNB-DDU,2026-09-01,02:48
22460,FRT,Freight,5,COR-CNB-DDU,2026-09-01,10:26
13477,FRT,Freight,5,COR-CNB-DDU,2026-09-01,19:11
12202,FRT,Freight,5,COR-CNB-DDU,2026-09-01,04:21
99410,FRT,Freight,5,COR-CNB-DDU,2026-09-01,21:39
21850,FRT,Freight,5,COR-CNB-DDU,2026-09-01,14:47
30809,FRT,Freight,5,COR-CNB-DDU,2026-09-01,08:36
80886,FRT,Freight,5,COR-CNB-DDU,2026-09-01,09:20
12806,FRT,Freight,5,COR-CNB-DDU,2026-09-01,22:32
17163,FRT,Freight,5,COR-CNB-DDU,2026-09-01,03:16
10185,FRT,Freight,5,COR-CNB-DDU,2026-09-01,15:55
34718,FRT,Freight,5,COR-CNB-DDU,2026-09-01,16:28
87081,FRT,Freight,5,COR-CNB-DDU,2026-09-01,22:52
66202,FRT,Freight,5,COR-CNB-DDU,2026-09-01,16:39
62383,EXP,Mail/Express,3,COR-CNB-DDU,2026-09-02,18:15
49177,SF,Superfast Express,2,COR-CNB-DDU,2026-09-02,14:58
49056,EXP,Mail/Express,3,COR-CNB-DDU,2026-09-02,20:27
98249,PASS,Passenger,4,COR-CNB-DDU,2026-09-02,08:50
76421,EXP,Mail/Express,3,COR-CNB-DDU,2026-09-02,17:55
43632,EXP,Mail/Express,3,COR-CNB-DDU,2026-09-02,18:15
49685,RAJ,Rajdhani Express,1,COR-CNB-DDU,2026-09-02,06:56
87222,PASS,Passenger,4,COR-CNB-DDU,2026-09-02,10:45
78590,RAJ,Rajdhani Express,1,COR-CNB-DDU,2026-09-02,12:51
18977,SF,Superfast Express,2,COR-CNB-DDU,2026-09-02,09:45
58967,SF,Superfast Express,2,COR-CNB-DDU,2026-09-02,08:13
84072,PASS,Passenger,4,COR-CNB-DDU,2026-09-02,17:45
25070,MEMU,MEMU/EMU,4,COR-CNB-DDU,2026-09-02,07:43
92473,EXP,Mail/Express,3,COR-CNB-DDU,2026-09-02,17:37
31500,RAJ,Rajdhani Express,1,COR-CNB-DDU,2026-09-02,21:19
20011,PASS,Passenger,4,COR-CNB-DDU,2026-09-02,14:44
58039,RAJ,Rajdhani Express,1,COR-CNB-DDU,2026-09-02,16:47
18896,EXP,Mail/Express,3,COR-CNB-DDU,2026-09-02,04:40
90118,MEMU,MEMU/EMU,4,COR-CNB-DDU,2026-09-02,20:33
49958,RAJ,Rajdhani Express,1,COR-CNB-DDU,2026-09-02,08:53
51912,PASS,Passenger,4,COR-CNB-DDU,2026-09-02,16:58
10814,EXP,Mail/Express,3,COR-CNB-DDU,2026-09-02,23:28
85276,EXP,Mail/Express,3,COR-CNB-DDU,2026-09-02,15:02
34719,MEMU,MEMU/EMU,4,COR-CNB-DDU,2026-09-02,18:09
30150,PASS,Passenger,4,COR-CNB-DDU,2026-09-02,11:19
80494,EXP,Mail/Express,3,COR-CNB-DDU,2026-09-02,04:01
38428,FRT,Freight,5,COR-CNB-DDU,2026-09-02,14:56
19096,FRT,Freight,5,COR-CNB-DDU,2026-09-02,17:54
57582,FRT,Freight,5,COR-CNB-DDU,2026-09-02,21:56
34536,FRT,Freight,5,COR-CNB-DDU,2026-09-02,00:53
67395,FRT,Freight,5,COR-CNB-DDU,2026-09-02,19:01
78157,FRT,Freight,5,COR-CNB-DDU,2026-09-02,14:07
79484,FRT,Freight,5,COR-CNB-DDU,2026-09-02,01:41
11287,FRT,Freight,5,COR-CNB-DDU,2026-09-02,11:08
64510,FRT,Freight,5,COR-CNB-DDU,2026-09-02,01:59
33902,FRT,Freight,5,COR-CNB-DDU,2026-09-02,17:55
66188,FRT,Freight,5,COR-CNB-DDU,2026-09-02,12:49
31164,FRT,Freight,5,COR-CNB-DDU,2026-09-02,23:07
91204,FRT,Freight,5,COR-CNB-DDU,2026-09-02,02:50
11772,FRT,Freight,5,COR-CNB-DDU,2026-09-02,13:02
63054,FRT,Freight,5,COR-CNB-DDU,2026-09-02,03:08
55101,RAJ,Rajdhani Express,1,COR-CNB-DDU,2026-09-03,04:14
70115,SF,Superfast Express,2,COR-CNB-DDU,2026-09-03,15:18
88363,PASS,Passenger,4,COR-CNB-DDU,2026-09-03,20:59
54700,RAJ,Rajdhani Express,1,COR-CNB-DDU,2026-09-03,09:21
87576,MEMU,MEMU/EMU,4,COR-CNB-DDU,2026-09-03,17:05
29477,MEMU,MEMU/EMU,4,COR-CNB-DDU,2026-09-03,07:46
26127,EXP,Mail/Express,3,COR-CNB-DDU,2026-09-03,14:06
96718,MEMU,MEMU/EMU,4,COR-CNB-DDU,2026-09-03,19:43
36049,SF,Superfast Express,2,COR-CNB-DDU,2026-09-03,20:47
22473,RAJ,Rajdhani Express,1,COR-CNB-DDU,2026-09-03,05:08
92245,PASS,Passenger,4,COR-CNB-DDU,2026-09-03,09:19
71836,EXP,Mail/Express,3,COR-CNB-DDU,2026-09-03,16:36
52464,PASS,Passenger,4,COR-CNB-DDU,2026-09-03,02:10
23714,RAJ,Rajdhani Express,1,COR-CNB-DDU,2026-09-03,17:01
70878,SF,Superfast Express,2,COR-CNB-DDU,2026-09-03,13:21
44208,RAJ,Rajdhani Express,1,COR-CNB-DDU,2026-09-03,08:47
97104,RAJ,Rajdhani Express,1,COR-CNB-DDU,2026-09-03,19:35
84683,EXP,Mail/Express,3,COR-CNB-DDU,2026-09-03,08:04
91803,PASS,Passenger,4,COR-CNB-DDU,2026-09-03,23:06
51514,RAJ,Rajdhani Express,1,COR-CNB-DDU,2026-09-03,19:05
15136,RAJ,Rajdhani Express,1,COR-CNB-DDU,2026-09-03,17:55
41516,SF,Superfast Express,2,COR-CNB-DDU,2026-09-03,04:21
86982,MEMU,MEMU/EMU,4,COR-CNB-DDU,2026-09-03,20:09
73878,SF,Superfast Express,2,COR-CNB-DDU,2026-09-03,19:45
55099,PASS,Passenger,4,COR-CNB-DDU,2026-09-03,07:39
23188,PASS,Passenger,4,COR-CNB-DDU,2026-09-03,10:45
58984,FRT,Freight,5,COR-CNB-DDU,2026-09-03,04:22
78096,FRT,Freight,5,COR-CNB-DDU,2026-09-03,11:35
94097,FRT,Freight,5,COR-CNB-DDU,2026-09-03,02:32
80639,FRT,Freight,5,COR-CNB-DDU,2026-09-03,22:20
34090,FRT,Freight,5,COR-CNB-DDU,2026-09-03,13:33
93457,FRT,Freight,5,COR-CNB-DDU,2026-09-03,01:55
12781,FRT,Freight,5,COR-CNB-DDU,2026-09-03,02:35
27330,FRT,Freight,5,COR-CNB-DDU,2026-09-03,23:16
15257,FRT,Freight,5,COR-CNB-DDU,2026-09-03,17:09
68642,FRT,Freight,5,COR-CNB-DDU,2026-09-03,17:22
64249,FRT,Freight,5,COR-CNB-DDU,2026-09-03,01:43
61663,FRT,Freight,5,COR-CNB-DDU,2026-09-03,22:58
44956,FRT,Freight,5,COR-CNB-DDU,2026-09-03,09:01
25615,FRT,Freight,5,COR-CNB-DDU,2026-09-03,15:34
10881,FRT,Freight,5,COR-CNB-DDU,2026-09-03,23:13
11847,FRT,Freight,5,COR-CNB-DDU,2026-09-03,01:56
61127,FRT,Freight,5,COR-CNB-DDU,2026-09-03,11:46
97646,FRT,Freight,5,COR-CNB-DDU,2026-09-03,00:44
47336,FRT,Freight,5,COR-CNB-DDU,2026-09-03,11:40
91850,FRT,Freight,5,COR-CNB-DDU,2026-09-03,03:01
49931,FRT,Freight,5,COR-CNB-DDU,2026-09-03,22:18
53924,FRT,Freight,5,COR-CNB-DDU,2026-09-03,08:15
32966,FRT,Freight,5,COR-CNB-DDU,2026-09-03,14:42
54023,FRT,Freight,5,COR-CNB-DDU,2026-09-03,21:43
43617,EXP,Mail/Express,3,COR-CNB-DDU,2026-09-04,23:54
79498,MEMU,MEMU/EMU,4,COR-CNB-DDU,2026-09-04,23:27
68824,PASS,Passenger,4,COR-CNB-DDU,2026-09-04,13:47
80390,MEMU,MEMU/EMU,4,COR-CNB-DDU,2026-09-04,11:03
44307,SF,Superfast Express,2,COR-CNB-DDU,2026-09-04,11:40
78480,PASS,Passenger,4,COR-CNB-DDU,2026-09-04,10:59
32327,RAJ,Rajdhani Express,1,COR-CNB-DDU,2026-09-04,13:17
13244,PASS,Passenger,4,COR-CNB-DDU,2026-09-04,08:48
32720,MEMU,MEMU/EMU,4,COR-CNB-DDU,2026-09-04,21:46
35090,PASS,Passenger,4,COR-CNB-DDU,2026-09-04,12:50
74277,EXP,Mail/Express,3,COR-CNB-DDU,2026-09-04,19:38
58536,RAJ,Rajdhani Express,1,COR-CNB-DDU,2026-09-04,12:24
17855,EXP,Mail/Express,3,COR-CNB-DDU,2026-09-04,18:17
11601,SF,Superfast Express,2,COR-CNB-DDU,2026-09-04,09:05
41952,PASS,Passenger,4,COR-CNB-DDU,2026-09-04,16:18
60374,PASS,Passenger,4,COR-CNB-DDU,2026-09-04,12:52
15690,SF,Superfast Express,2,COR-CNB-DDU,2026-09-04,09:11
22521,EXP,Mail/Express,3,COR-CNB-DDU,2026-09-04,20:24
86019,RAJ,Rajdhani Express,1,COR-CNB-DDU,2026-09-04,05:34
18058,EXP,Mail/Express,3,COR-CNB-DDU,2026-09-04,12:00
23704,MEMU,MEMU/EMU,4,COR-CNB-DDU,2026-09-04,07:04
68933,EXP,Mail/Express,3,COR-CNB-DDU,2026-09-04,20:00
81101,RAJ,Rajdhani Express,1,COR-CNB-DDU,2026-09-04,07:07
53856,PASS,Passenger,4,COR-CNB-DDU,2026-09-04,16:38
47256,EXP,Mail/Express,3,COR-CNB-DDU,2026-09-04,06:46
67352,SF,Superfast Express,2,COR-CNB-DDU,2026-09-04,10:42
90642,FRT,Freight,5,COR-CNB-DDU,2026-09-04,06:47
40359,FRT,Freight,5,COR-CNB-DDU,2026-09-04,23:26
63509,FRT,Freight,5,COR-CNB-DDU,2026-09-04,04:47
71970,FRT,Freight,5,COR-CNB-DDU,2026-09-04,04:23
32357,FRT,Freight,5,COR-CNB-DDU,2026-09-04,21:17
52354,FRT,Freight,5,COR-CNB-DDU,2026-09-04,00:26
48570,FRT,Freight,5,COR-CNB-DDU,2026-09-04,03:53
17034,FRT,Freight,5,COR-CNB-DDU,2026-09-04,13:54
26263,FRT,Freight,5,COR-CNB-DDU,2026-09-04,02:55
52180,FRT,Freight,5,COR-CNB-DDU,2026-09-04,23:40
60099,FRT,Freight,5,COR-CNB-DDU,2026-09-04,10:20
84312,FRT,Freight,5,COR-CNB-DDU,2026-09-04,13:58
85348,FRT,Freight,5,COR-CNB-DDU,2026-09-04,02:50
95275,FRT,Freight,5,COR-CNB-DDU,2026-09-04,04:33
36925,FRT,Freight,5,COR-CNB-DDU,2026-09-04,14:55
29575,FRT,Freight,5,COR-CNB-DDU,2026-09-04,12:32
32231,FRT,Freight,5,COR-CNB-DDU,2026-09-04,19:57
86935,FRT,Freight,5,COR-CNB-DDU,2026-09-04,04:47
57731,FRT,Freight,5,COR-CNB-DDU,2026-09-04,14:53
33100,FRT,Freight,5,COR-CNB-DDU,2026-09-04,04:17
33306,RAJ,Rajdhani Express,1,COR-CNB-DDU,2026-09-05,21:30
38210,PASS,Passenger,4,COR-CNB-DDU,2026-09-05,17:28
55693,RAJ,Rajdhani Express,1,COR-CNB-DDU,2026-09-05,17:26
38239,SF,Superfast Express,2,COR-CNB-DDU,2026-09-05,07:20
78917,MEMU,MEMU/EMU,4,COR-CNB-DDU,2026-09-05,20:08
17447,RAJ,Rajdhani Express,1,COR-CNB-DDU,2026-09-05,13:19
95904,RAJ,Rajdhani Express,1,COR-CNB-DDU,2026-09-05,20:34
30271,EXP,Mail/Express,3,COR-CNB-DDU,2026-09-05,08:57
75875,SF,Superfast Express,2,COR-CNB-DDU,2026-09-05,18:14
95510,SF,Superfast Express,2,COR-CNB-DDU,2026-09-05,15:23
66843,MEMU,MEMU/EMU,4,COR-CNB-DDU,2026-09-05,03:48
36221,SF,Superfast Express,2,COR-CNB-DDU,2026-09-05,10:56
74388,RAJ,Rajdhani Express,1,COR-CNB-DDU,2026-09-05,07:15
66467,MEMU,MEMU/EMU,4,COR-CNB-DDU,2026-09-05,09:35
83269,SF,Superfast Express,2,COR-CNB-DDU,2026-09-05,09:10
80585,MEMU,MEMU/EMU,4,COR-CNB-DDU,2026-09-05,12:56
53086,SF,Superfast Express,2,COR-CNB-DDU,2026-09-05,15:07
96624,SF,Superfast Express,2,COR-CNB-DDU,2026-09-05,15:02
91144,EXP,Mail/Express,3,COR-CNB-DDU,2026-09-05,02:18
10638,SF,Superfast Express,2,COR-CNB-DDU,2026-09-05,18:45
83245,MEMU,MEMU/EMU,4,COR-CNB-DDU,2026-09-05,22:40
80679,RAJ,Rajdhani Express,1,COR-CNB-DDU,2026-09-05,09:02
72934,EXP,Mail/Express,3,COR-CNB-DDU,2026-09-05,06:35
76760,SF,Superfast Express,2,COR-CNB-DDU,2026-09-05,13:24
57234,SF,Superfast Express,2,COR-CNB-DDU,2026-09-05,17:59
71049,MEMU,MEMU/EMU,4,COR-CNB-DDU,2026-09-05,17:35
97957,FRT,Freight,5,COR-CNB-DDU,2026-09-05,03:01
24426,FRT,Freight,5,COR-CNB-DDU,2026-09-05,12:30
80231,FRT,Freight,5,COR-CNB-DDU,2026-09-05,23:50
25860,FRT,Freight,5,COR-CNB-DDU,2026-09-05,11:48
56865,FRT,Freight,5,COR-CNB-DDU,2026-09-05,01:36
57404,FRT,Freight,5,COR-CNB-DDU,2026-09-05,14:19
67423,FRT,Freight,5,COR-CNB-DDU,2026-09-05,17:28
84379,FRT,Freight,5,COR-CNB-DDU,2026-09-05,07:16
41152,FRT,Freight,5,COR-CNB-DDU,2026-09-05,16:09
91109,FRT,Freight,5,COR-CNB-DDU,2026-09-05,05:40
40737,FRT,Freight,5,COR-CNB-DDU,2026-09-05,19:21
64325,FRT,Freight,5,COR-CNB-DDU,2026-09-05,05:05
48767,FRT,Freight,5,COR-CNB-DDU,2026-09-05,04:42
51705,FRT,Freight,5,COR-CNB-DDU,2026-09-05,21:33
12002,FRT,Freight,5,COR-CNB-DDU,2026-09-05,12:30
92159,FRT,Freight,5,COR-CNB-DDU,2026-09-05,04:54
70237,FRT,Freight,5,COR-CNB-DDU,2026-09-05,22:11
65713,FRT,Freight,5,COR-CNB-DDU,2026-09-05,15:11
51815,FRT,Freight,5,COR-CNB-DDU,2026-09-05,03:15
74997,FRT,Freight,5,COR-CNB-DDU,2026-09-05,14:24
94658,EXP,Mail/Express,3,COR-CNB-DDU,2026-09-06,19:59
72827,SF,Superfast Express,2,COR-CNB-DDU,2026-09-06,19:57
41437,RAJ,Rajdhani Express,1,COR-CNB-DDU,2026-09-06,15:12
30519,RAJ,Rajdhani Express,1,COR-CNB-DDU,2026-09-06,18:13
17983,SF,Superfast Express,2,COR-CNB-DDU,2026-09-06,07:32
54656,RAJ,Rajdhani Express,1,COR-CNB-DDU,2026-09-06,06:01
15635,EXP,Mail/Express,3,COR-CNB-DDU,2026-09-06,20:01
29622,SF,Superfast Express,2,COR-CNB-DDU,2026-09-06,12:38
84975,MEMU,MEMU/EMU,4,COR-CNB-DDU,2026-09-06,07:40
70666,EXP,Mail/Express,3,COR-CNB-DDU,2026-09-06,17:55
66005,RAJ,Rajdhani Express,1,COR-CNB-DDU,2026-09-06,20:30
21403,SF,Superfast Express,2,COR-CNB-DDU,2026-09-06,16:03
70477,EXP,Mail/Express,3,COR-CNB-DDU,2026-09-06,09:33
75035,RAJ,Rajdhani Express,1,COR-CNB-DDU,2026-09-06,12:18
42903,SF,Superfast Express,2,COR-CNB-DDU,2026-09-06,18:57
17311,PASS,Passenger,4,COR-CNB-DDU,2026-09-06,04:36
60611,MEMU,MEMU/EMU,4,COR-CNB-DDU,2026-09-06,07:08
30615,RAJ,Rajdhani Express,1,COR-CNB-DDU,2026-09-06,11:23
66808,RAJ,Rajdhani Express,1,COR-CNB-DDU,2026-09-06,16:12
43580,PASS,Passenger,4,COR-CNB-DDU,2026-09-06,09:43
67052,PASS,Passenger,4,COR-CNB-DDU,2026-09-06,08:29
52898,EXP,Mail/Express,3,COR-CNB-DDU,2026-09-06,03:18
33952,MEMU,MEMU/EMU,4,COR-CNB-DDU,2026-09-06,02:40
92790,MEMU,MEMU/EMU,4,COR-CNB-DDU,2026-09-06,08:09
17084,RAJ,Rajdhani Express,1,COR-CNB-DDU,2026-09-07,18:03
55630,PASS,Passenger,4,COR-CNB-DDU,2026-09-07,07:54
63276,MEMU,MEMU/EMU,4,COR-CNB-DDU,2026-09-07,17:19
90228,SF,Superfast Express,2,COR-CNB-DDU,2026-09-07,09:52
12655,MEMU,MEMU/EMU,4,COR-CNB-DDU,2026-09-07,12:51
67752,RAJ,Rajdhani Express,1,COR-CNB-DDU,2026-09-07,21:35
57670,MEMU,MEMU/EMU,4,COR-CNB-DDU,2026-09-07,02:56
15272,EXP,Mail/Express,3,COR-CNB-DDU,2026-09-07,12:30
10218,PASS,Passenger,4,COR-CNB-DDU,2026-09-07,20:37
47471,RAJ,Rajdhani Express,1,COR-CNB-DDU,2026-09-07,15:27
58762,RAJ,Rajdhani Express,1,COR-CNB-DDU,2026-09-07,08:02
31515,PASS,Passenger,4,COR-CNB-DDU,2026-09-07,10:05
44307,PASS,Passenger,4,COR-CNB-DDU,2026-09-07,17:44
88681,PASS,Passenger,4,COR-CNB-DDU,2026-09-07,20:22
27986,RAJ,Rajdhani Express,1,COR-CNB-DDU,2026-09-07,03:06
94624,PASS,Passenger,4,COR-CNB-DDU,2026-09-07,04:55
80600,PASS,Passenger,4,COR-CNB-DDU,2026-09-07,08:35
64888,RAJ,Rajdhani Express,1,COR-CNB-DDU,2026-09-07,07:00
97732,RAJ,Rajdhani Express,1,COR-CNB-DDU,2026-09-07,08:05
21603,EXP,Mail/Express,3,COR-CNB-DDU,2026-09-07,07:23
78024,MEMU,MEMU/EMU,4,COR-CNB-DDU,2026-09-07,07:36
38897,SF,Superfast Express,2,COR-CNB-DDU,2026-09-07,06:44
28802,RAJ,Rajdhani Express,1,COR-CNB-DDU,2026-09-07,21:50
26411,SF,Superfast Express,2,COR-CNB-DDU,2026-09-07,06:35
70399,EXP,Mail/Express,3,COR-CNB-DDU,2026-09-07,07:23
70692,MEMU,MEMU/EMU,4,COR-CNB-DDU,2026-09-07,07:37
80716,MEMU,MEMU/EMU,4,COR-CNB-DDU,2026-09-08,08:33
40284,MEMU,MEMU/EMU,4,COR-CNB-DDU,2026-09-08,14:15
21646,EXP,Mail/Express,3,COR-CNB-DDU,2026-09-08,07:19
94565,PASS,Passenger,4,COR-CNB-DDU,2026-09-08,17:25
95694,MEMU,MEMU/EMU,4,COR-CNB-DDU,2026-09-08,12:15
24342,MEMU,MEMU/EMU,4,COR-CNB-DDU,2026-09-08,18:05
75620,EXP,Mail/Express,3,COR-CNB-DDU,2026-09-08,22:44
74261,PASS,Passenger,4,COR-CNB-DDU,2026-09-08,05:43
11935,MEMU,MEMU/EMU,4,COR-CNB-DDU,2026-09-08,09:22
52376,MEMU,MEMU/EMU,4,COR-CNB-DDU,2026-09-08,08:41
84798,PASS,Passenger,4,COR-CNB-DDU,2026-09-08,06:36
87140,RAJ,Rajdhani Express,1,COR-CNB-DDU,2026-09-08,19:07
52481,RAJ,Rajdhani Express,1,COR-CNB-DDU,2026-09-08,18:05
98669,MEMU,MEMU/EMU,4,COR-CNB-DDU,2026-09-08,12:36
65721,SF,Superfast Express,2,COR-CNB-DDU,2026-09-08,13:51
12838,PASS,Passenger,4,COR-CNB-DDU,2026-09-08,04:21
45330,PASS,Passenger,4,COR-CNB-DDU,2026-09-08,14:05
88976,SF,Superfast Express,2,COR-CNB-DDU,2026-09-08,19:53
46994,PASS,Passenger,4,COR-CNB-DDU,2026-09-08,15:31
40384,EXP,Mail/Express,3,COR-CNB-DDU,2026-09-08,08:16
55378,PASS,Passenger,4,COR-CNB-DDU,2026-09-08,17:37
42643,PASS,Passenger,4,COR-CNB-DDU,2026-09-08,09:16
26926,PASS,Passenger,4,COR-CNB-DDU,2026-09-08,14:36
48977,RAJ,Rajdhani Express,1,COR-CNB-DDU,2026-09-08,12:22
33652,EXP,Mail/Express,3,COR-CNB-DDU,2026-09-08,09:48
73295,PASS,Passenger,4,COR-CNB-DDU,2026-09-08,18:48
93962,EXP,Mail/Express,3,COR-CNB-DDU,2026-09-09,05:47
89698,EXP,Mail/Express,3,COR-CNB-DDU,2026-09-09,19:23
26058,EXP,Mail/Express,3,COR-CNB-DDU,2026-09-09,08:35
51482,SF,Superfast Express,2,COR-CNB-DDU,2026-09-09,20:27
12998,PASS,Passenger,4,COR-CNB-DDU,2026-09-09,16:47
71265,RAJ,Rajdhani Express,1,COR-CNB-DDU,2026-09-09,17:48
76445,RAJ,Rajdhani Express,1,COR-CNB-DDU,2026-09-09,08:33
44648,RAJ,Rajdhani Express,1,COR-CNB-DDU,2026-09-09,11:15
70623,RAJ,Rajdhani Express,1,COR-CNB-DDU,2026-09-09,10:35
88033,PASS,Passenger,4,COR-CNB-DDU,2026-09-09,07:06
94480,RAJ,Rajdhani Express,1,COR-CNB-DDU,2026-09-09,19:17
17527,EXP,Mail/Express,3,COR-CNB-DDU,2026-09-09,16:05
13072,SF,Superfast Express,2,COR-CNB-DDU,2026-09-09,02:49
22018,MEMU,MEMU/EMU,4,COR-CNB-DDU,2026-09-09,19:27
39652,RAJ,Rajdhani Express,1,COR-CNB-DDU,2026-09-09,05:38
14476,MEMU,MEMU/EMU,4,COR-CNB-DDU,2026-09-09,10:33
37482,MEMU,MEMU/EMU,4,COR-CNB-DDU,2026-09-09,15:50
72513,MEMU,MEMU/EMU,4,COR-CNB-DDU,2026-09-09,00:40
96411,EXP,Mail/Express,3,COR-CNB-DDU,2026-09-09,17:28
26219,RAJ,Rajdhani Express,1,COR-CNB-DDU,2026-09-09,17:03
40448,PASS,Passenger,4,COR-CNB-DDU,2026-09-09,17:13
89903,EXP,Mail/Express,3,COR-CNB-DDU,2026-09-09,06:04
35120,PASS,Passenger,4,COR-CNB-DDU,2026-09-09,07:24
16855,RAJ,Rajdhani Express,1,COR-CNB-DDU,2026-09-09,07:38
66553,EXP,Mail/Express,3,COR-CNB-DDU,2026-09-09,22:07
78633,MEMU,MEMU/EMU,4,COR-CNB-DDU,2026-09-09,04:14
27918,EXP,Mail/Express,3,COR-CNB-DDU,2026-09-10,17:30
17197,EXP,Mail/Express,3,COR-CNB-DDU,2026-09-10,04:55
23677,RAJ,Rajdhani Express,1,COR-CNB-DDU,2026-09-10,07:53
21039,MEMU,MEMU/EMU,4,COR-CNB-DDU,2026-09-10,05:10
37785,MEMU,MEMU/EMU,4,COR-CNB-DDU,2026-09-10,04:25
14570,SF,Superfast Express,2,COR-CNB-DDU,2026-09-10,08:27
82242,SF,Superfast Express,2,COR-CNB-DDU,2026-09-10,15:26
21655,PASS,Passenger,4,COR-CNB-DDU,2026-09-10,22:18
57907,SF,Superfast Express,2,COR-CNB-DDU,2026-09-10,20:56
19449,RAJ,Rajdhani Express,1,COR-CNB-DDU,2026-09-10,20:44
34630,EXP,Mail/Express,3,COR-CNB-DDU,2026-09-10,06:26
84658,MEMU,MEMU/EMU,4,COR-CNB-DDU,2026-09-10,08:58
56371,EXP,Mail/Express,3,COR-CNB-DDU,2026-09-10,04:19
20991,RAJ,Rajdhani Express,1,COR-CNB-DDU,2026-09-10,18:02
34887,EXP,Mail/Express,3,COR-CNB-DDU,2026-09-10,04:15
23859,MEMU,MEMU/EMU,4,COR-CNB-DDU,2026-09-10,14:38
33640,SF,Superfast Express,2,COR-CNB-DDU,2026-09-10,07:43
58339,PASS,Passenger,4,COR-CNB-DDU,2026-09-10,07:28
63235,MEMU,MEMU/EMU,4,COR-CNB-DDU,2026-09-10,23:14
12512,MEMU,MEMU/EMU,4,COR-CNB-DDU,2026-09-10,18:29
90982,MEMU,MEMU/EMU,4,COR-CNB-DDU,2026-09-10,19:39
31912,MEMU,MEMU/EMU,4,COR-CNB-DDU,2026-09-10,15:54
45515,RAJ,Rajdhani Express,1,COR-CNB-DDU,2026-09-10,20:48
25416,MEMU,MEMU/EMU,4,COR-CNB-DDU,2026-09-10,16:00
82816,EXP,Mail/Express,3,COR-CNB-DDU,2026-09-10,22:28
86510,RAJ,Rajdhani Express,1,COR-CNB-DDU,2026-09-10,08:52
52568,SF,Superfast Express,2,COR-CNB-DDU,2026-09-11,12:40
35793,EXP,Mail/Express,3,COR-CNB-DDU,2026-09-11,13:17
62204,EXP,Mail/Express,3,COR-CNB-DDU,2026-09-11,20:18
56746,EXP,Mail/Express,3,COR-CNB-DDU,2026-09-11,09:53
41989,EXP,Mail/Express,3,COR-CNB-DDU,2026-09-11,21:17
59465,RAJ,Rajdhani Express,1,COR-CNB-DDU,2026-09-11,11:36
71383,SF,Superfast Express,2,COR-CNB-DDU,2026-09-11,18:17
26767,SF,Superfast Express,2,COR-CNB-DDU,2026-09-11,21:11
48652,MEMU,MEMU/EMU,4,COR-CNB-DDU,2026-09-11,21:03
93732,PASS,Passenger,4,COR-CNB-DDU,2026-09-11,04:46
94244,RAJ,Rajdhani Express,1,COR-CNB-DDU,2026-09-11,07:42
23383,SF,Superfast Express,2,COR-CNB-DDU,2026-09-11,12:26
80784,RAJ,Rajdhani Express,1,COR-CNB-DDU,2026-09-11,11:50
70089,RAJ,Rajdhani Express,1,COR-CNB-DDU,2026-09-11,16:04
36440,MEMU,MEMU/EMU,4,COR-CNB-DDU,2026-09-11,21:05
62443,SF,Superfast Express,2,COR-CNB-DDU,2026-09-11,05:12
66325,PASS,Passenger,4,COR-CNB-DDU,2026-09-11,11:22
96766,PASS,Passenger,4,COR-CNB-DDU,2026-09-11,07:41
65919,PASS,Passenger,4,COR-CNB-DDU,2026-09-11,20:55
26611,EXP,Mail/Express,3,COR-CNB-DDU,2026-09-11,22:24
73483,SF,Superfast Express,2,COR-CNB-DDU,2026-09-11,12:45
32457,EXP,Mail/Express,3,COR-CNB-DDU,2026-09-11,05:03
20256,EXP,Mail/Express,3,COR-CNB-DDU,2026-09-11,19:51
64856,EXP,Mail/Express,3,COR-CNB-DDU,2026-09-11,17:54
50533,MEMU,MEMU/EMU,4,COR-CNB-DDU,2026-09-11,09:31
38281,MEMU,MEMU/EMU,4,COR-CNB-DDU,2026-09-11,20:43
58469,RAJ,Rajdhani Express,1,COR-CNB-DDU,2026-09-12,06:20
74912,RAJ,Rajdhani Express,1,COR-CNB-DDU,2026-09-12,17:59
54493,SF,Superfast Express,2,COR-CNB-DDU,2026-09-12,08:56
82417,SF,Superfast Express,2,COR-CNB-DDU,2026-09-12,21:37
55785,MEMU,MEMU/EMU,4,COR-CNB-DDU,2026-09-12,17:07
95017,RAJ,Rajdhani Express,1,COR-CNB-DDU,2026-09-12,16:42
76561,RAJ,Rajdhani Express,1,COR-CNB-DDU,2026-09-12,14:31
40869,EXP,Mail/Express,3,COR-CNB-DDU,2026-09-12,03:07
75094,PASS,Passenger,4,COR-CNB-DDU,2026-09-12,21:43
40192,PASS,Passenger,4,COR-CNB-DDU,2026-09-12,16:09
79157,PASS,Passenger,4,COR-CNB-DDU,2026-09-12,23:22
96483,MEMU,MEMU/EMU,4,COR-CNB-DDU,2026-09-12,13:03
89941,PASS,Passenger,4,COR-CNB-DDU,2026-09-12,18:47
67544,PASS,Passenger,4,COR-CNB-DDU,2026-09-12,04:51
14403,EXP,Mail/Express,3,COR-CNB-DDU,2026-09-12,16:37
46091,SF,Superfast Express,2,COR-CNB-DDU,2026-09-12,18:29
62510,MEMU,MEMU/EMU,4,COR-CNB-DDU,2026-09-12,18:40
98061,RAJ,Rajdhani Express,1,COR-CNB-DDU,2026-09-12,18:22
15017,EXP,Mail/Express,3,COR-CNB-DDU,2026-09-12,07:04
49203,PASS,Passenger,4,COR-CNB-DDU,2026-09-12,22:20
66473,RAJ,Rajdhani Express,1,COR-CNB-DDU,2026-09-12,23:55
62123,EXP,Mail/Express,3,COR-CNB-DDU,2026-09-12,04:05
58260,MEMU,MEMU/EMU,4,COR-CNB-DDU,2026-09-12,21:48
55938,PASS,Passenger,4,COR-CNB-DDU,2026-09-12,08:16
67929,MEMU,MEMU/EMU,4,COR-CNB-DDU,2026-09-12,17:24
95265,EXP,Mail/Express,3,COR-CNB-DDU,2026-09-12,09:23
72327,RAJ,Rajdhani Express,1,COR-BRC-ST,2026-08-30,07:38
52967,SF,Superfast Express,2,COR-BRC-ST,2026-08-30,14:57
63709,PASS,Passenger,4,COR-BRC-ST,2026-08-30,11:21
77948,MEMU,MEMU/EMU,4,COR-BRC-ST,2026-08-30,10:34
58861,RAJ,Rajdhani Express,1,COR-BRC-ST,2026-08-30,17:29
78718,RAJ,Rajdhani Express,1,COR-BRC-ST,2026-08-30,17:52
30948,SF,Superfast Express,2,COR-BRC-ST,2026-08-30,03:50
43782,EXP,Mail/Express,3,COR-BRC-ST,2026-08-30,09:39
60756,SF,Superfast Express,2,COR-BRC-ST,2026-08-30,10:36
92789,SF,Superfast Express,2,COR-BRC-ST,2026-08-30,05:25
78388,EXP,Mail/Express,3,COR-BRC-ST,2026-08-30,07:57
94528,EXP,Mail/Express,3,COR-BRC-ST,2026-08-30,03:05
76809,EXP,Mail/Express,3,COR-BRC-ST,2026-08-30,23:33
17649,RAJ,Rajdhani Express,1,COR-BRC-ST,2026-08-30,18:55
39002,RAJ,Rajdhani Express,1,COR-BRC-ST,2026-08-30,05:31
44723,PASS,Passenger,4,COR-BRC-ST,2026-08-30,01:24
84314,PASS,Passenger,4,COR-BRC-ST,2026-08-30,18:50
80085,SF,Superfast Express,2,COR-BRC-ST,2026-08-30,11:12
91399,SF,Superfast Express,2,COR-BRC-ST,2026-08-30,19:37
21809,PASS,Passenger,4,COR-BRC-ST,2026-08-30,21:37
68169,MEMU,MEMU/EMU,4,COR-BRC-ST,2026-08-30,15:01
57679,FRT,Freight,5,COR-BRC-ST,2026-08-30,17:34
99938,FRT,Freight,5,COR-BRC-ST,2026-08-30,19:22
47232,FRT,Freight,5,COR-BRC-ST,2026-08-30,03:53
99661,FRT,Freight,5,COR-BRC-ST,2026-08-30,22:57
34020,FRT,Freight,5,COR-BRC-ST,2026-08-30,01:47
67172,FRT,Freight,5,COR-BRC-ST,2026-08-30,03:38
23746,FRT,Freight,5,COR-BRC-ST,2026-08-30,15:22
73537,FRT,Freight,5,COR-BRC-ST,2026-08-30,15:57
14094,FRT,Freight,5,COR-BRC-ST,2026-08-30,05:36
78466,FRT,Freight,5,COR-BRC-ST,2026-08-30,16:56
40755,FRT,Freight,5,COR-BRC-ST,2026-08-30,07:22
21552,FRT,Freight,5,COR-BRC-ST,2026-08-30,00:38
69491,FRT,Freight,5,COR-BRC-ST,2026-08-30,02:27
23341,SF,Superfast Express,2,COR-BRC-ST,2026-08-31,11:00
49435,MEMU,MEMU/EMU,4,COR-BRC-ST,2026-08-31,20:01
22976,MEMU,MEMU/EMU,4,COR-BRC-ST,2026-08-31,17:48
92910,EXP,Mail/Express,3,COR-BRC-ST,2026-08-31,01:21
87869,RAJ,Rajdhani Express,1,COR-BRC-ST,2026-08-31,08:31
15290,PASS,Passenger,4,COR-BRC-ST,2026-08-31,14:28
55812,RAJ,Rajdhani Express,1,COR-BRC-ST,2026-08-31,21:34
60528,PASS,Passenger,4,COR-BRC-ST,2026-08-31,05:16
68570,RAJ,Rajdhani Express,1,COR-BRC-ST,2026-08-31,16:11
66399,PASS,Passenger,4,COR-BRC-ST,2026-08-31,08:23
58437,RAJ,Rajdhani Express,1,COR-BRC-ST,2026-08-31,20:29
99122,EXP,Mail/Express,3,COR-BRC-ST,2026-08-31,18:43
67907,MEMU,MEMU/EMU,4,COR-BRC-ST,2026-08-31,09:29
91876,PASS,Passenger,4,COR-BRC-ST,2026-08-31,06:19
58723,MEMU,MEMU/EMU,4,COR-BRC-ST,2026-08-31,00:41
45655,PASS,Passenger,4,COR-BRC-ST,2026-08-31,16:06
65833,PASS,Passenger,4,COR-BRC-ST,2026-08-31,10:41
90096,EXP,Mail/Express,3,COR-BRC-ST,2026-08-31,08:49
33997,RAJ,Rajdhani Express,1,COR-BRC-ST,2026-08-31,23:53
76876,PASS,Passenger,4,COR-BRC-ST,2026-08-31,11:37
36013,RAJ,Rajdhani Express,1,COR-BRC-ST,2026-08-31,18:06
42862,EXP,Mail/Express,3,COR-BRC-ST,2026-08-31,06:59
62448,SF,Superfast Express,2,COR-BRC-ST,2026-08-31,00:48
20851,FRT,Freight,5,COR-BRC-ST,2026-08-31,18:41
17734,FRT,Freight,5,COR-BRC-ST,2026-08-31,22:30
52681,FRT,Freight,5,COR-BRC-ST,2026-08-31,03:21
15293,FRT,Freight,5,COR-BRC-ST,2026-08-31,09:52
63203,FRT,Freight,5,COR-BRC-ST,2026-08-31,01:05
23820,FRT,Freight,5,COR-BRC-ST,2026-08-31,10:32
77827,FRT,Freight,5,COR-BRC-ST,2026-08-31,02:28
57163,FRT,Freight,5,COR-BRC-ST,2026-08-31,12:20
22391,FRT,Freight,5,COR-BRC-ST,2026-08-31,17:59
51970,FRT,Freight,5,COR-BRC-ST,2026-08-31,12:53
56823,FRT,Freight,5,COR-BRC-ST,2026-08-31,03:55
40796,FRT,Freight,5,COR-BRC-ST,2026-08-31,06:51
93127,FRT,Freight,5,COR-BRC-ST,2026-08-31,14:29
46389,FRT,Freight,5,COR-BRC-ST,2026-08-31,13:20
97091,MEMU,MEMU/EMU,4,COR-BRC-ST,2026-09-01,08:44
27938,PASS,Passenger,4,COR-BRC-ST,2026-09-01,16:58
31983,EXP,Mail/Express,3,COR-BRC-ST,2026-09-01,09:09
22874,RAJ,Rajdhani Express,1,COR-BRC-ST,2026-09-01,12:41
70896,PASS,Passenger,4,COR-BRC-ST,2026-09-01,17:21
56209,RAJ,Rajdhani Express,1,COR-BRC-ST,2026-09-01,22:38
42822,SF,Superfast Express,2,COR-BRC-ST,2026-09-01,18:59
30750,PASS,Passenger,4,COR-BRC-ST,2026-09-01,10:21
52083,MEMU,MEMU/EMU,4,COR-BRC-ST,2026-09-01,18:36
37946,PASS,Passenger,4,COR-BRC-ST,2026-09-01,22:51
11552,MEMU,MEMU/EMU,4,COR-BRC-ST,2026-09-01,12:38
83331,RAJ,Rajdhani Express,1,COR-BRC-ST,2026-09-01,10:19
15271,PASS,Passenger,4,COR-BRC-ST,2026-09-01,05:09
90201,EXP,Mail/Express,3,COR-BRC-ST,2026-09-01,20:09
75651,EXP,Mail/Express,3,COR-BRC-ST,2026-09-01,07:25
38994,SF,Superfast Express,2,COR-BRC-ST,2026-09-01,04:24
37186,EXP,Mail/Express,3,COR-BRC-ST,2026-09-01,13:52
40267,SF,Superfast Express,2,COR-BRC-ST,2026-09-01,19:55
49140,RAJ,Rajdhani Express,1,COR-BRC-ST,2026-09-01,10:27
34935,MEMU,MEMU/EMU,4,COR-BRC-ST,2026-09-01,19:12
41748,RAJ,Rajdhani Express,1,COR-BRC-ST,2026-09-01,19:14
13837,MEMU,MEMU/EMU,4,COR-BRC-ST,2026-09-01,11:59
74875,MEMU,MEMU/EMU,4,COR-BRC-ST,2026-09-01,15:59
27957,FRT,Freight,5,COR-BRC-ST,2026-09-01,03:03
65178,FRT,Freight,5,COR-BRC-ST,2026-09-01,01:54
30828,FRT,Freight,5,COR-BRC-ST,2026-09-01,11:02
27171,FRT,Freight,5,COR-BRC-ST,2026-09-01,02:48
71465,FRT,Freight,5,COR-BRC-ST,2026-09-01,17:53
23146,FRT,Freight,5,COR-BRC-ST,2026-09-01,03:50
56266,FRT,Freight,5,COR-BRC-ST,2026-09-01,05:58
55939,FRT,Freight,5,COR-BRC-ST,2026-09-01,13:46
24202,FRT,Freight,5,COR-BRC-ST,2026-09-01,04:57
47142,FRT,Freight,5,COR-BRC-ST,2026-09-01,07:05
73828,FRT,Freight,5,COR-BRC-ST,2026-09-01,20:25
35978,SF,Superfast Express,2,COR-BRC-ST,2026-09-02,22:39
86089,EXP,Mail/Express,3,COR-BRC-ST,2026-09-02,17:21
19630,EXP,Mail/Express,3,COR-BRC-ST,2026-09-02,17:00
22003,SF,Superfast Express,2,COR-BRC-ST,2026-09-02,06:57
51444,SF,Superfast Express,2,COR-BRC-ST,2026-09-02,12:12
96184,RAJ,Rajdhani Express,1,COR-BRC-ST,2026-09-02,09:54
41607,SF,Superfast Express,2,COR-BRC-ST,2026-09-02,11:23
34821,EXP,Mail/Express,3,COR-BRC-ST,2026-09-02,19:20
24601,SF,Superfast Express,2,COR-BRC-ST,2026-09-02,11:44
55904,SF,Superfast Express,2,COR-BRC-ST,2026-09-02,04:42
81657,MEMU,MEMU/EMU,4,COR-BRC-ST,2026-09-02,21:03
48557,SF,Superfast Express,2,COR-BRC-ST,2026-09-02,14:06
62523,RAJ,Rajdhani Express,1,COR-BRC-ST,2026-09-02,21:59
91846,SF,Superfast Express,2,COR-BRC-ST,2026-09-02,15:11
60502,PASS,Passenger,4,COR-BRC-ST,2026-09-02,04:58
32098,PASS,Passenger,4,COR-BRC-ST,2026-09-02,14:12
55902,MEMU,MEMU/EMU,4,COR-BRC-ST,2026-09-02,15:53
99067,MEMU,MEMU/EMU,4,COR-BRC-ST,2026-09-02,07:43
49253,PASS,Passenger,4,COR-BRC-ST,2026-09-02,11:15
85516,MEMU,MEMU/EMU,4,COR-BRC-ST,2026-09-02,11:05
54280,MEMU,MEMU/EMU,4,COR-BRC-ST,2026-09-02,16:13
18951,EXP,Mail/Express,3,COR-BRC-ST,2026-09-02,08:50
18117,EXP,Mail/Express,3,COR-BRC-ST,2026-09-02,15:47
30110,FRT,Freight,5,COR-BRC-ST,2026-09-02,23:55
41232,FRT,Freight,5,COR-BRC-ST,2026-09-02,06:08
54273,FRT,Freight,5,COR-BRC-ST,2026-09-02,12:10
80487,FRT,Freight,5,COR-BRC-ST,2026-09-02,21:59
65210,FRT,Freight,5,COR-BRC-ST,2026-09-02,12:21
83191,FRT,Freight,5,COR-BRC-ST,2026-09-02,05:33
39461,FRT,Freight,5,COR-BRC-ST,2026-09-02,12:34
14610,FRT,Freight,5,COR-BRC-ST,2026-09-02,01:12
66973,FRT,Freight,5,COR-BRC-ST,2026-09-02,02:10
93004,FRT,Freight,5,COR-BRC-ST,2026-09-02,15:59
17583,FRT,Freight,5,COR-BRC-ST,2026-09-02,22:31
35583,FRT,Freight,5,COR-BRC-ST,2026-09-02,16:41
27701,FRT,Freight,5,COR-BRC-ST,2026-09-02,01:58
66919,SF,Superfast Express,2,COR-BRC-ST,2026-09-03,07:44
70384,PASS,Passenger,4,COR-BRC-ST,2026-09-03,06:18
61128,RAJ,Rajdhani Express,1,COR-BRC-ST,2026-09-03,08:56
11835,PASS,Passenger,4,COR-BRC-ST,2026-09-03,18:20
31283,PASS,Passenger,4,COR-BRC-ST,2026-09-03,06:57
59506,EXP,Mail/Express,3,COR-BRC-ST,2026-09-03,13:32
63625,EXP,Mail/Express,3,COR-BRC-ST,2026-09-03,08:22
45963,MEMU,MEMU/EMU,4,COR-BRC-ST,2026-09-03,19:54
19179,RAJ,Rajdhani Express,1,COR-BRC-ST,2026-09-03,00:05
21955,EXP,Mail/Express,3,COR-BRC-ST,2026-09-03,07:31
17198,MEMU,MEMU/EMU,4,COR-BRC-ST,2026-09-03,16:21
77156,RAJ,Rajdhani Express,1,COR-BRC-ST,2026-09-03,05:02
54588,EXP,Mail/Express,3,COR-BRC-ST,2026-09-03,11:34
21766,PASS,Passenger,4,COR-BRC-ST,2026-09-03,11:15
63570,PASS,Passenger,4,COR-BRC-ST,2026-09-03,20:41
79874,RAJ,Rajdhani Express,1,COR-BRC-ST,2026-09-03,16:58
58679,RAJ,Rajdhani Express,1,COR-BRC-ST,2026-09-03,16:24
15301,EXP,Mail/Express,3,COR-BRC-ST,2026-09-03,22:16
25144,EXP,Mail/Express,3,COR-BRC-ST,2026-09-03,23:38
23784,RAJ,Rajdhani Express,1,COR-BRC-ST,2026-09-03,17:12
77959,RAJ,Rajdhani Express,1,COR-BRC-ST,2026-09-03,13:27
18272,MEMU,MEMU/EMU,4,COR-BRC-ST,2026-09-03,16:10
11573,MEMU,MEMU/EMU,4,COR-BRC-ST,2026-09-03,09:09
10826,FRT,Freight,5,COR-BRC-ST,2026-09-03,13:26
52625,FRT,Freight,5,COR-BRC-ST,2026-09-03,04:20
92049,FRT,Freight,5,COR-BRC-ST,2026-09-03,02:01
27801,FRT,Freight,5,COR-BRC-ST,2026-09-03,13:07
39846,FRT,Freight,5,COR-BRC-ST,2026-09-03,11:41
49566,FRT,Freight,5,COR-BRC-ST,2026-09-03,01:06
33157,FRT,Freight,5,COR-BRC-ST,2026-09-03,08:09
38363,FRT,Freight,5,COR-BRC-ST,2026-09-03,11:56
60559,FRT,Freight,5,COR-BRC-ST,2026-09-03,20:03
15136,FRT,Freight,5,COR-BRC-ST,2026-09-03,01:42
67937,FRT,Freight,5,COR-BRC-ST,2026-09-03,05:40
27421,FRT,Freight,5,COR-BRC-ST,2026-09-03,20:35
88027,FRT,Freight,5,COR-BRC-ST,2026-09-03,14:34
17546,FRT,Freight,5,COR-BRC-ST,2026-09-03,04:42
81439,FRT,Freight,5,COR-BRC-ST,2026-09-03,21:02
56623,FRT,Freight,5,COR-BRC-ST,2026-09-03,11:57
26406,FRT,Freight,5,COR-BRC-ST,2026-09-03,11:17
90485,FRT,Freight,5,COR-BRC-ST,2026-09-03,23:57
19825,FRT,Freight,5,COR-BRC-ST,2026-09-03,23:50
81823,FRT,Freight,5,COR-BRC-ST,2026-09-03,06:45
44173,FRT,Freight,5,COR-BRC-ST,2026-09-03,02:55
65619,FRT,Freight,5,COR-BRC-ST,2026-09-03,05:42
93114,FRT,Freight,5,COR-BRC-ST,2026-09-03,00:23
17923,FRT,Freight,5,COR-BRC-ST,2026-09-03,00:31
44374,FRT,Freight,5,COR-BRC-ST,2026-09-03,08:33
74586,MEMU,MEMU/EMU,4,COR-BRC-ST,2026-09-04,07:33
93605,PASS,Passenger,4,COR-BRC-ST,2026-09-04,08:15
44851,PASS,Passenger,4,COR-BRC-ST,2026-09-04,15:39
36865,MEMU,MEMU/EMU,4,COR-BRC-ST,2026-09-04,14:45
93606,MEMU,MEMU/EMU,4,COR-BRC-ST,2026-09-04,12:28
14158,RAJ,Rajdhani Express,1,COR-BRC-ST,2026-09-04,18:14
67852,PASS,Passenger,4,COR-BRC-ST,2026-09-04,08:47
59339,MEMU,MEMU/EMU,4,COR-BRC-ST,2026-09-04,18:10
30572,SF,Superfast Express,2,COR-BRC-ST,2026-09-04,06:43
14100,EXP,Mail/Express,3,COR-BRC-ST,2026-09-04,19:33
54469,MEMU,MEMU/EMU,4,COR-BRC-ST,2026-09-04,17:35
91061,PASS,Passenger,4,COR-BRC-ST,2026-09-04,17:29
70861,MEMU,MEMU/EMU,4,COR-BRC-ST,2026-09-04,12:34
28456,SF,Superfast Express,2,COR-BRC-ST,2026-09-04,17:08
65803,RAJ,Rajdhani Express,1,COR-BRC-ST,2026-09-04,05:17
75633,PASS,Passenger,4,COR-BRC-ST,2026-09-04,20:18
85019,RAJ,Rajdhani Express,1,COR-BRC-ST,2026-09-04,04:38
46232,EXP,Mail/Express,3,COR-BRC-ST,2026-09-04,06:03
77323,RAJ,Rajdhani Express,1,COR-BRC-ST,2026-09-04,15:05
31788,MEMU,MEMU/EMU,4,COR-BRC-ST,2026-09-04,18:50
26092,SF,Superfast Express,2,COR-BRC-ST,2026-09-04,04:32
11132,RAJ,Rajdhani Express,1,COR-BRC-ST,2026-09-04,21:31
87850,SF,Superfast Express,2,COR-BRC-ST,2026-09-04,22:15
22777,FRT,Freight,5,COR-BRC-ST,2026-09-04,10:44
99856,FRT,Freight,5,COR-BRC-ST,2026-09-04,03:22
18308,FRT,Freight,5,COR-BRC-ST,2026-09-04,02:39
53441,FRT,Freight,5,COR-BRC-ST,2026-09-04,19:36
90865,FRT,Freight,5,COR-BRC-ST,2026-09-04,03:33
23882,FRT,Freight,5,COR-BRC-ST,2026-09-04,19:15
14714,FRT,Freight,5,COR-BRC-ST,2026-09-04,09:44
53432,FRT,Freight,5,COR-BRC-ST,2026-09-04,23:50
91289,FRT,Freight,5,COR-BRC-ST,2026-09-04,03:40
90166,FRT,Freight,5,COR-BRC-ST,2026-09-04,01:46
27658,FRT,Freight,5,COR-BRC-ST,2026-09-04,01:31
79245,FRT,Freight,5,COR-BRC-ST,2026-09-04,21:37
87027,FRT,Freight,5,COR-BRC-ST,2026-09-04,09:39
60808,FRT,Freight,5,COR-BRC-ST,2026-09-04,00:55
49530,FRT,Freight,5,COR-BRC-ST,2026-09-04,21:45
18834,FRT,Freight,5,COR-BRC-ST,2026-09-04,21:04
24358,FRT,Freight,5,COR-BRC-ST,2026-09-04,20:16
19872,FRT,Freight,5,COR-BRC-ST,2026-09-04,03:21
68694,FRT,Freight,5,COR-BRC-ST,2026-09-04,06:38
97193,FRT,Freight,5,COR-BRC-ST,2026-09-04,17:40
60321,FRT,Freight,5,COR-BRC-ST,2026-09-04,11:47
34660,PASS,Passenger,4,COR-BRC-ST,2026-09-05,09:49
66843,PASS,Passenger,4,COR-BRC-ST,2026-09-05,16:05
44519,MEMU,MEMU/EMU,4,COR-BRC-ST,2026-09-05,20:58
94577,MEMU,MEMU/EMU,4,COR-BRC-ST,2026-09-05,22:51
54935,MEMU,MEMU/EMU,4,COR-BRC-ST,2026-09-05,15:57
32507,SF,Superfast Express,2,COR-BRC-ST,2026-09-05,03:05
81060,EXP,Mail/Express,3,COR-BRC-ST,2026-09-05,22:28
94271,EXP,Mail/Express,3,COR-BRC-ST,2026-09-05,17:36
67223,EXP,Mail/Express,3,COR-BRC-ST,2026-09-05,09:11
37675,PASS,Passenger,4,COR-BRC-ST,2026-09-05,06:08
27673,PASS,Passenger,4,COR-BRC-ST,2026-09-05,06:40
45470,EXP,Mail/Express,3,COR-BRC-ST,2026-09-05,06:48
51603,MEMU,MEMU/EMU,4,COR-BRC-ST,2026-09-05,03:18
94825,RAJ,Rajdhani Express,1,COR-BRC-ST,2026-09-05,20:16
41230,EXP,Mail/Express,3,COR-BRC-ST,2026-09-05,13:53
24542,RAJ,Rajdhani Express,1,COR-BRC-ST,2026-09-05,17:47
71407,EXP,Mail/Express,3,COR-BRC-ST,2026-09-05,19:43
63821,RAJ,Rajdhani Express,1,COR-BRC-ST,2026-09-05,19:31
45690,MEMU,MEMU/EMU,4,COR-BRC-ST,2026-09-05,20:34
16654,PASS,Passenger,4,COR-BRC-ST,2026-09-05,22:13
77557,EXP,Mail/Express,3,COR-BRC-ST,2026-09-05,11:48
95544,EXP,Mail/Express,3,COR-BRC-ST,2026-09-05,22:53
98264,MEMU,MEMU/EMU,4,COR-BRC-ST,2026-09-05,18:15
70282,FRT,Freight,5,COR-BRC-ST,2026-09-05,13:00
83541,FRT,Freight,5,COR-BRC-ST,2026-09-05,01:48
62838,FRT,Freight,5,COR-BRC-ST,2026-09-05,03:57
39400,FRT,Freight,5,COR-BRC-ST,2026-09-05,05:23
92277,FRT,Freight,5,COR-BRC-ST,2026-09-05,17:47
27565,FRT,Freight,5,COR-BRC-ST,2026-09-05,00:48
49585,FRT,Freight,5,COR-BRC-ST,2026-09-05,22:24
44833,FRT,Freight,5,COR-BRC-ST,2026-09-05,01:01
22094,FRT,Freight,5,COR-BRC-ST,2026-09-05,07:24
41280,FRT,Freight,5,COR-BRC-ST,2026-09-05,01:13
56647,FRT,Freight,5,COR-BRC-ST,2026-09-05,18:38
54378,FRT,Freight,5,COR-BRC-ST,2026-09-05,02:56
29513,FRT,Freight,5,COR-BRC-ST,2026-09-05,22:50
10154,FRT,Freight,5,COR-BRC-ST,2026-09-05,12:32
38134,FRT,Freight,5,COR-BRC-ST,2026-09-05,23:16
20924,SF,Superfast Express,2,COR-BRC-ST,2026-09-06,08:31
25921,EXP,Mail/Express,3,COR-BRC-ST,2026-09-06,14:41
35432,RAJ,Rajdhani Express,1,COR-BRC-ST,2026-09-06,19:30
27813,MEMU,MEMU/EMU,4,COR-BRC-ST,2026-09-06,14:21
75250,SF,Superfast Express,2,COR-BRC-ST,2026-09-06,21:16
78956,EXP,Mail/Express,3,COR-BRC-ST,2026-09-06,19:19
12068,EXP,Mail/Express,3,COR-BRC-ST,2026-09-06,06:19
49927,PASS,Passenger,4,COR-BRC-ST,2026-09-06,10:42
80342,SF,Superfast Express,2,COR-BRC-ST,2026-09-06,17:07
40539,MEMU,MEMU/EMU,4,COR-BRC-ST,2026-09-06,21:46
21683,RAJ,Rajdhani Express,1,COR-BRC-ST,2026-09-06,23:33
95151,EXP,Mail/Express,3,COR-BRC-ST,2026-09-06,18:48
45674,MEMU,MEMU/EMU,4,COR-BRC-ST,2026-09-06,15:22
62703,PASS,Passenger,4,COR-BRC-ST,2026-09-06,18:37
68810,EXP,Mail/Express,3,COR-BRC-ST,2026-09-06,08:52
96111,SF,Superfast Express,2,COR-BRC-ST,2026-09-06,08:27
95343,MEMU,MEMU/EMU,4,COR-BRC-ST,2026-09-06,17:12
95977,RAJ,Rajdhani Express,1,COR-BRC-ST,2026-09-06,20:28
97114,PASS,Passenger,4,COR-BRC-ST,2026-09-06,22:07
21117,MEMU,MEMU/EMU,4,COR-BRC-ST,2026-09-06,09:10
13665,EXP,Mail/Express,3,COR-BRC-ST,2026-09-06,19:46
34459,RAJ,Rajdhani Express,1,COR-BRC-ST,2026-09-07,07:13
66782,EXP,Mail/Express,3,COR-BRC-ST,2026-09-07,16:33
97822,EXP,Mail/Express,3,COR-BRC-ST,2026-09-07,19:22
16032,SF,Superfast Express,2,COR-BRC-ST,2026-09-07,20:43
11825,SF,Superfast Express,2,COR-BRC-ST,2026-09-07,11:41
87090,EXP,Mail/Express,3,COR-BRC-ST,2026-09-07,20:24
58101,PASS,Passenger,4,COR-BRC-ST,2026-09-07,12:00
70109,SF,Superfast Express,2,COR-BRC-ST,2026-09-07,17:50
22470,SF,Superfast Express,2,COR-BRC-ST,2026-09-07,23:54
13770,SF,Superfast Express,2,COR-BRC-ST,2026-09-07,07:47
37268,SF,Superfast Express,2,COR-BRC-ST,2026-09-07,06:14
10029,RAJ,Rajdhani Express,1,COR-BRC-ST,2026-09-07,09:31
40083,EXP,Mail/Express,3,COR-BRC-ST,2026-09-07,06:13
18958,RAJ,Rajdhani Express,1,COR-BRC-ST,2026-09-07,08:40
18806,MEMU,MEMU/EMU,4,COR-BRC-ST,2026-09-07,18:20
42162,MEMU,MEMU/EMU,4,COR-BRC-ST,2026-09-07,12:54
84732,MEMU,MEMU/EMU,4,COR-BRC-ST,2026-09-07,09:46
44889,RAJ,Rajdhani Express,1,COR-BRC-ST,2026-09-07,09:57
37702,EXP,Mail/Express,3,COR-BRC-ST,2026-09-07,07:06
45777,MEMU,MEMU/EMU,4,COR-BRC-ST,2026-09-07,11:35
62971,SF,Superfast Express,2,COR-BRC-ST,2026-09-07,16:20
17739,MEMU,MEMU/EMU,4,COR-BRC-ST,2026-09-07,06:49
34599,PASS,Passenger,4,COR-BRC-ST,2026-09-07,22:39
99971,SF,Superfast Express,2,COR-BRC-ST,2026-09-08,15:51
44787,SF,Superfast Express,2,COR-BRC-ST,2026-09-08,22:49
25689,SF,Superfast Express,2,COR-BRC-ST,2026-09-08,04:38
49860,MEMU,MEMU/EMU,4,COR-BRC-ST,2026-09-08,05:20
60344,SF,Superfast Express,2,COR-BRC-ST,2026-09-08,12:48
77891,PASS,Passenger,4,COR-BRC-ST,2026-09-08,13:27
61658,RAJ,Rajdhani Express,1,COR-BRC-ST,2026-09-08,02:31
75869,PASS,Passenger,4,COR-BRC-ST,2026-09-08,19:43
45330,EXP,Mail/Express,3,COR-BRC-ST,2026-09-08,12:15
90312,SF,Superfast Express,2,COR-BRC-ST,2026-09-08,09:55
70064,PASS,Passenger,4,COR-BRC-ST,2026-09-08,08:09
37014,MEMU,MEMU/EMU,4,COR-BRC-ST,2026-09-08,20:22
44563,EXP,Mail/Express,3,COR-BRC-ST,2026-09-08,07:47
25270,PASS,Passenger,4,COR-BRC-ST,2026-09-08,06:51
41279,SF,Superfast Express,2,COR-BRC-ST,2026-09-08,07:49
13657,MEMU,MEMU/EMU,4,COR-BRC-ST,2026-09-08,16:14
99422,SF,Superfast Express,2,COR-BRC-ST,2026-09-08,19:54
78773,EXP,Mail/Express,3,COR-BRC-ST,2026-09-08,08:42
11027,PASS,Passenger,4,COR-BRC-ST,2026-09-08,06:49
24199,SF,Superfast Express,2,COR-BRC-ST,2026-09-08,07:05
54954,EXP,Mail/Express,3,COR-BRC-ST,2026-09-08,16:32
89317,MEMU,MEMU/EMU,4,COR-BRC-ST,2026-09-08,07:54
25120,PASS,Passenger,4,COR-BRC-ST,2026-09-08,20:38
92045,PASS,Passenger,4,COR-BRC-ST,2026-09-09,09:00
45388,EXP,Mail/Express,3,COR-BRC-ST,2026-09-09,05:53
60603,PASS,Passenger,4,COR-BRC-ST,2026-09-09,16:45
84736,MEMU,MEMU/EMU,4,COR-BRC-ST,2026-09-09,19:40
35789,MEMU,MEMU/EMU,4,COR-BRC-ST,2026-09-09,16:55
87432,PASS,Passenger,4,COR-BRC-ST,2026-09-09,06:43
97467,SF,Superfast Express,2,COR-BRC-ST,2026-09-09,14:49
98623,SF,Superfast Express,2,COR-BRC-ST,2026-09-09,19:40
99289,MEMU,MEMU/EMU,4,COR-BRC-ST,2026-09-09,08:07
62282,SF,Superfast Express,2,COR-BRC-ST,2026-09-09,19:31
43464,EXP,Mail/Express,3,COR-BRC-ST,2026-09-09,19:29
77806,RAJ,Rajdhani Express,1,COR-BRC-ST,2026-09-09,01:45
51994,PASS,Passenger,4,COR-BRC-ST,2026-09-09,07:27
91596,EXP,Mail/Express,3,COR-BRC-ST,2026-09-09,14:40
35594,MEMU,MEMU/EMU,4,COR-BRC-ST,2026-09-09,18:51
62563,RAJ,Rajdhani Express,1,COR-BRC-ST,2026-09-09,20:31
90352,MEMU,MEMU/EMU,4,COR-BRC-ST,2026-09-09,16:24
96840,RAJ,Rajdhani Express,1,COR-BRC-ST,2026-09-09,09:33
38386,EXP,Mail/Express,3,COR-BRC-ST,2026-09-09,07:32
76652,RAJ,Rajdhani Express,1,COR-BRC-ST,2026-09-09,18:12
27540,SF,Superfast Express,2,COR-BRC-ST,2026-09-09,07:24
43756,EXP,Mail/Express,3,COR-BRC-ST,2026-09-09,17:41
53426,PASS,Passenger,4,COR-BRC-ST,2026-09-09,06:39
12594,MEMU,MEMU/EMU,4,COR-BRC-ST,2026-09-10,05:59
86610,SF,Superfast Express,2,COR-BRC-ST,2026-09-10,20:29
67655,PASS,Passenger,4,COR-BRC-ST,2026-09-10,14:34
37431,RAJ,Rajdhani Express,1,COR-BRC-ST,2026-09-10,18:47
92684,SF,Superfast Express,2,COR-BRC-ST,2026-09-10,19:50
98197,PASS,Passenger,4,COR-BRC-ST,2026-09-10,07:19
37571,EXP,Mail/Express,3,COR-BRC-ST,2026-09-10,13:15
75971,RAJ,Rajdhani Express,1,COR-BRC-ST,2026-09-10,22:33
71797,PASS,Passenger,4,COR-BRC-ST,2026-09-10,05:13
53937,RAJ,Rajdhani Express,1,COR-BRC-ST,2026-09-10,17:25
69643,PASS,Passenger,4,COR-BRC-ST,2026-09-10,22:19
92054,MEMU,MEMU/EMU,4,COR-BRC-ST,2026-09-10,08:41
96538,EXP,Mail/Express,3,COR-BRC-ST,2026-09-10,20:50
70051,SF,Superfast Express,2,COR-BRC-ST,2026-09-10,21:23
77902,PASS,Passenger,4,COR-BRC-ST,2026-09-10,18:42
87903,RAJ,Rajdhani Express,1,COR-BRC-ST,2026-09-10,07:17
86990,EXP,Mail/Express,3,COR-BRC-ST,2026-09-10,09:42
85204,SF,Superfast Express,2,COR-BRC-ST,2026-09-10,02:08
78951,RAJ,Rajdhani Express,1,COR-BRC-ST,2026-09-10,19:18
85768,EXP,Mail/Express,3,COR-BRC-ST,2026-09-10,19:19
39039,RAJ,Rajdhani Express,1,COR-BRC-ST,2026-09-10,16:41
35568,EXP,Mail/Express,3,COR-BRC-ST,2026-09-10,09:29
47459,SF,Superfast Express,2,COR-BRC-ST,2026-09-10,04:25
38677,SF,Superfast Express,2,COR-BRC-ST,2026-09-11,19:19
17500,RAJ,Rajdhani Express,1,COR-BRC-ST,2026-09-11,18:09
14015,EXP,Mail/Express,3,COR-BRC-ST,2026-09-11,17:18
97372,PASS,Passenger,4,COR-BRC-ST,2026-09-11,22:17
68812,SF,Superfast Express,2,COR-BRC-ST,2026-09-11,15:29
17826,PASS,Passenger,4,COR-BRC-ST,2026-09-11,16:29
19201,PASS,Passenger,4,COR-BRC-ST,2026-09-11,19:24
39048,MEMU,MEMU/EMU,4,COR-BRC-ST,2026-09-11,17:23
29941,RAJ,Rajdhani Express,1,COR-BRC-ST,2026-09-11,18:09
90641,RAJ,Rajdhani Express,1,COR-BRC-ST,2026-09-11,07:01
68418,RAJ,Rajdhani Express,1,COR-BRC-ST,2026-09-11,09:37
75689,EXP,Mail/Express,3,COR-BRC-ST,2026-09-11,06:31
51541,SF,Superfast Express,2,COR-BRC-ST,2026-09-11,12:34
59939,SF,Superfast Express,2,COR-BRC-ST,2026-09-11,11:50
80422,MEMU,MEMU/EMU,4,COR-BRC-ST,2026-09-11,23:36
33950,MEMU,MEMU/EMU,4,COR-BRC-ST,2026-09-11,16:06
77803,MEMU,MEMU/EMU,4,COR-BRC-ST,2026-09-11,19:06
30642,PASS,Passenger,4,COR-BRC-ST,2026-09-11,09:26
76506,RAJ,Rajdhani Express,1,COR-BRC-ST,2026-09-11,19:09
51607,EXP,Mail/Express,3,COR-BRC-ST,2026-09-11,16:32
41288,SF,Superfast Express,2,COR-BRC-ST,2026-09-11,17:42
92865,EXP,Mail/Express,3,COR-BRC-ST,2026-09-11,08:54
24450,RAJ,Rajdhani Express,1,COR-BRC-ST,2026-09-11,14:06
39030,RAJ,Rajdhani Express,1,COR-BRC-ST,2026-09-12,18:50
61134,SF,Superfast Express,2,COR-BRC-ST,2026-09-12,09:54
75729,PASS,Passenger,4,COR-BRC-ST,2026-09-12,11:02
18164,MEMU,MEMU/EMU,4,COR-BRC-ST,2026-09-12,06:49
96378,PASS,Passenger,4,COR-BRC-ST,2026-09-12,10:25
11119,RAJ,Rajdhani Express,1,COR-BRC-ST,2026-09-12,05:30
23351,RAJ,Rajdhani Express,1,COR-BRC-ST,2026-09-12,13:35
66063,PASS,Passenger,4,COR-BRC-ST,2026-09-12,05:25
82076,MEMU,MEMU/EMU,4,COR-BRC-ST,2026-09-12,19:02
55162,MEMU,MEMU/EMU,4,COR-BRC-ST,2026-09-12,14:43
41760,RAJ,Rajdhani Express,1,COR-BRC-ST,2026-09-12,18:54
59678,MEMU,MEMU/EMU,4,COR-BRC-ST,2026-09-12,10:27
99074,MEMU,MEMU/EMU,4,COR-BRC-ST,2026-09-12,09:43
57628,SF,Superfast Express,2,COR-BRC-ST,2026-09-12,05:16
50739,SF,Superfast Express,2,COR-BRC-ST,2026-09-12,13:37
39738,EXP,Mail/Express,3,COR-BRC-ST,2026-09-12,13:46
56921,PASS,Passenger,4,COR-BRC-ST,2026-09-12,11:29
71068,RAJ,Rajdhani Express,1,COR-BRC-ST,2026-09-12,18:01
33581,MEMU,MEMU/EMU,4,COR-BRC-ST,2026-09-12,19:07
31485,EXP,Mail/Express,3,COR-BRC-ST,2026-09-12,18:13
46294,SF,Superfast Express,2,COR-BRC-ST,2026-09-12,06:36
63001,MEMU,MEMU/EMU,4,COR-BRC-ST,2026-09-12,16:34
11634,PASS,Passenger,4,COR-BRC-ST,2026-09-12,05:41
60541,SF,Superfast Express,2,COR-HWH-ASN,2026-08-30,18:46
34346,RAJ,Rajdhani Express,1,COR-HWH-ASN,2026-08-30,19:32
13514,MEMU,MEMU/EMU,4,COR-HWH-ASN,2026-08-30,22:41
34838,EXP,Mail/Express,3,COR-HWH-ASN,2026-08-30,06:01
37559,RAJ,Rajdhani Express,1,COR-HWH-ASN,2026-08-30,15:38
69207,MEMU,MEMU/EMU,4,COR-HWH-ASN,2026-08-30,10:45
26385,MEMU,MEMU/EMU,4,COR-HWH-ASN,2026-08-30,09:47
28317,MEMU,MEMU/EMU,4,COR-HWH-ASN,2026-08-30,14:26
10393,MEMU,MEMU/EMU,4,COR-HWH-ASN,2026-08-30,19:59
34881,MEMU,MEMU/EMU,4,COR-HWH-ASN,2026-08-30,01:14
37955,RAJ,Rajdhani Express,1,COR-HWH-ASN,2026-08-30,22:06
68308,PASS,Passenger,4,COR-HWH-ASN,2026-08-30,19:44
68014,PASS,Passenger,4,COR-HWH-ASN,2026-08-30,18:56
75430,RAJ,Rajdhani Express,1,COR-HWH-ASN,2026-08-30,18:41
82031,PASS,Passenger,4,COR-HWH-ASN,2026-08-30,10:08
96973,EXP,Mail/Express,3,COR-HWH-ASN,2026-08-30,18:40
69596,EXP,Mail/Express,3,COR-HWH-ASN,2026-08-30,10:05
11713,RAJ,Rajdhani Express,1,COR-HWH-ASN,2026-08-30,20:55
30428,EXP,Mail/Express,3,COR-HWH-ASN,2026-08-30,06:56
72160,RAJ,Rajdhani Express,1,COR-HWH-ASN,2026-08-30,08:11
76171,EXP,Mail/Express,3,COR-HWH-ASN,2026-08-30,14:29
90729,SF,Superfast Express,2,COR-HWH-ASN,2026-08-30,08:54
70843,RAJ,Rajdhani Express,1,COR-HWH-ASN,2026-08-30,10:19
33003,MEMU,MEMU/EMU,4,COR-HWH-ASN,2026-08-30,12:19
90169,EXP,Mail/Express,3,COR-HWH-ASN,2026-08-30,20:53
31863,FRT,Freight,5,COR-HWH-ASN,2026-08-30,04:28
81626,FRT,Freight,5,COR-HWH-ASN,2026-08-30,00:09
21377,FRT,Freight,5,COR-HWH-ASN,2026-08-30,18:58
93031,FRT,Freight,5,COR-HWH-ASN,2026-08-30,06:58
70523,FRT,Freight,5,COR-HWH-ASN,2026-08-30,22:42
24870,FRT,Freight,5,COR-HWH-ASN,2026-08-30,07:04
67487,FRT,Freight,5,COR-HWH-ASN,2026-08-30,16:33
29300,FRT,Freight,5,COR-HWH-ASN,2026-08-30,23:07
65951,FRT,Freight,5,COR-HWH-ASN,2026-08-30,14:13
77639,FRT,Freight,5,COR-HWH-ASN,2026-08-30,08:39
82126,FRT,Freight,5,COR-HWH-ASN,2026-08-30,13:54
52980,FRT,Freight,5,COR-HWH-ASN,2026-08-30,12:05
42050,FRT,Freight,5,COR-HWH-ASN,2026-08-30,13:00
12921,FRT,Freight,5,COR-HWH-ASN,2026-08-30,02:55
80270,FRT,Freight,5,COR-HWH-ASN,2026-08-30,16:32
64598,SF,Superfast Express,2,COR-HWH-ASN,2026-08-31,17:00
89220,RAJ,Rajdhani Express,1,COR-HWH-ASN,2026-08-31,07:59
30642,EXP,Mail/Express,3,COR-HWH-ASN,2026-08-31,17:25
79907,MEMU,MEMU/EMU,4,COR-HWH-ASN,2026-08-31,15:00
22651,EXP,Mail/Express,3,COR-HWH-ASN,2026-08-31,09:58
11665,SF,Superfast Express,2,COR-HWH-ASN,2026-08-31,11:57
16918,PASS,Passenger,4,COR-HWH-ASN,2026-08-31,14:03
33007,PASS,Passenger,4,COR-HWH-ASN,2026-08-31,12:38
85730,SF,Superfast Express,2,COR-HWH-ASN,2026-08-31,16:13
35035,SF,Superfast Express,2,COR-HWH-ASN,2026-08-31,06:45
99352,RAJ,Rajdhani Express,1,COR-HWH-ASN,2026-08-31,13:17
98602,PASS,Passenger,4,COR-HWH-ASN,2026-08-31,11:33
86749,RAJ,Rajdhani Express,1,COR-HWH-ASN,2026-08-31,11:00
98148,EXP,Mail/Express,3,COR-HWH-ASN,2026-08-31,11:52
32211,SF,Superfast Express,2,COR-HWH-ASN,2026-08-31,20:21
64587,RAJ,Rajdhani Express,1,COR-HWH-ASN,2026-08-31,19:15
36866,SF,Superfast Express,2,COR-HWH-ASN,2026-08-31,16:21
17344,RAJ,Rajdhani Express,1,COR-HWH-ASN,2026-08-31,18:49
78737,EXP,Mail/Express,3,COR-HWH-ASN,2026-08-31,03:15
80288,EXP,Mail/Express,3,COR-HWH-ASN,2026-08-31,18:27
72546,MEMU,MEMU/EMU,4,COR-HWH-ASN,2026-08-31,12:27
20327,PASS,Passenger,4,COR-HWH-ASN,2026-08-31,08:54
58659,MEMU,MEMU/EMU,4,COR-HWH-ASN,2026-08-31,06:21
55797,PASS,Passenger,4,COR-HWH-ASN,2026-08-31,04:55
81627,EXP,Mail/Express,3,COR-HWH-ASN,2026-08-31,03:05
37608,RAJ,Rajdhani Express,1,COR-HWH-ASN,2026-08-31,06:24
38285,SF,Superfast Express,2,COR-HWH-ASN,2026-08-31,02:41
98534,EXP,Mail/Express,3,COR-HWH-ASN,2026-08-31,18:01
87930,FRT,Freight,5,COR-HWH-ASN,2026-08-31,10:11
77035,FRT,Freight,5,COR-HWH-ASN,2026-08-31,15:50
19669,FRT,Freight,5,COR-HWH-ASN,2026-08-31,12:07
68247,FRT,Freight,5,COR-HWH-ASN,2026-08-31,11:32
68975,FRT,Freight,5,COR-HWH-ASN,2026-08-31,01:45
38562,FRT,Freight,5,COR-HWH-ASN,2026-08-31,02:54
31629,FRT,Freight,5,COR-HWH-ASN,2026-08-31,22:37
71463,FRT,Freight,5,COR-HWH-ASN,2026-08-31,08:13
56007,FRT,Freight,5,COR-HWH-ASN,2026-08-31,14:01
28128,FRT,Freight,5,COR-HWH-ASN,2026-08-31,12:08
12039,FRT,Freight,5,COR-HWH-ASN,2026-08-31,07:43
13857,FRT,Freight,5,COR-HWH-ASN,2026-08-31,07:04
69019,FRT,Freight,5,COR-HWH-ASN,2026-08-31,12:33
80486,FRT,Freight,5,COR-HWH-ASN,2026-08-31,02:18
99007,FRT,Freight,5,COR-HWH-ASN,2026-08-31,07:06
90977,FRT,Freight,5,COR-HWH-ASN,2026-08-31,10:38
22735,FRT,Freight,5,COR-HWH-ASN,2026-08-31,23:41
97951,FRT,Freight,5,COR-HWH-ASN,2026-08-31,06:16
44511,FRT,Freight,5,COR-HWH-ASN,2026-08-31,14:25
56051,FRT,Freight,5,COR-HWH-ASN,2026-08-31,02:45
62693,FRT,Freight,5,COR-HWH-ASN,2026-08-31,01:26
19275,EXP,Mail/Express,3,COR-HWH-ASN,2026-09-01,00:28
29965,RAJ,Rajdhani Express,1,COR-HWH-ASN,2026-09-01,13:52
45854,EXP,Mail/Express,3,COR-HWH-ASN,2026-09-01,10:53
25973,EXP,Mail/Express,3,COR-HWH-ASN,2026-09-01,19:46
99086,RAJ,Rajdhani Express,1,COR-HWH-ASN,2026-09-01,14:02
36878,EXP,Mail/Express,3,COR-HWH-ASN,2026-09-01,21:00
27105,PASS,Passenger,4,COR-HWH-ASN,2026-09-01,07:14
74746,PASS,Passenger,4,COR-HWH-ASN,2026-09-01,23:19
91565,PASS,Passenger,4,COR-HWH-ASN,2026-09-01,08:21
49935,PASS,Passenger,4,COR-HWH-ASN,2026-09-01,16:33
42784,EXP,Mail/Express,3,COR-HWH-ASN,2026-09-01,12:49
41601,SF,Superfast Express,2,COR-HWH-ASN,2026-09-01,09:32
49865,PASS,Passenger,4,COR-HWH-ASN,2026-09-01,06:08
88701,PASS,Passenger,4,COR-HWH-ASN,2026-09-01,06:02
28616,EXP,Mail/Express,3,COR-HWH-ASN,2026-09-01,18:01
21654,MEMU,MEMU/EMU,4,COR-HWH-ASN,2026-09-01,09:03
27830,EXP,Mail/Express,3,COR-HWH-ASN,2026-09-01,22:15
26205,RAJ,Rajdhani Express,1,COR-HWH-ASN,2026-09-01,08:53
52425,PASS,Passenger,4,COR-HWH-ASN,2026-09-01,23:32
87495,RAJ,Rajdhani Express,1,COR-HWH-ASN,2026-09-01,07:08
97694,PASS,Passenger,4,COR-HWH-ASN,2026-09-01,05:56
87355,MEMU,MEMU/EMU,4,COR-HWH-ASN,2026-09-01,08:39
45851,SF,Superfast Express,2,COR-HWH-ASN,2026-09-01,20:37
16952,MEMU,MEMU/EMU,4,COR-HWH-ASN,2026-09-01,13:51
99761,EXP,Mail/Express,3,COR-HWH-ASN,2026-09-01,06:17
57405,EXP,Mail/Express,3,COR-HWH-ASN,2026-09-01,07:15
15391,RAJ,Rajdhani Express,1,COR-HWH-ASN,2026-09-01,08:07
90004,RAJ,Rajdhani Express,1,COR-HWH-ASN,2026-09-01,15:22
66360,FRT,Freight,5,COR-HWH-ASN,2026-09-01,12:03
10207,FRT,Freight,5,COR-HWH-ASN,2026-09-01,15:40
11083,FRT,Freight,5,COR-HWH-ASN,2026-09-01,23:58
61564,FRT,Freight,5,COR-HWH-ASN,2026-09-01,17:59
13311,FRT,Freight,5,COR-HWH-ASN,2026-09-01,12:48
33135,FRT,Freight,5,COR-HWH-ASN,2026-09-01,22:16
67109,FRT,Freight,5,COR-HWH-ASN,2026-09-01,10:48
71354,FRT,Freight,5,COR-HWH-ASN,2026-09-01,12:47
73647,FRT,Freight,5,COR-HWH-ASN,2026-09-01,13:19
69301,FRT,Freight,5,COR-HWH-ASN,2026-09-01,08:24
72233,FRT,Freight,5,COR-HWH-ASN,2026-09-01,21:39
92128,FRT,Freight,5,COR-HWH-ASN,2026-09-01,02:22
56212,FRT,Freight,5,COR-HWH-ASN,2026-09-01,12:14
99468,FRT,Freight,5,COR-HWH-ASN,2026-09-01,16:32
67776,FRT,Freight,5,COR-HWH-ASN,2026-09-01,22:18
94576,FRT,Freight,5,COR-HWH-ASN,2026-09-01,22:56
81386,FRT,Freight,5,COR-HWH-ASN,2026-09-01,11:14
98324,EXP,Mail/Express,3,COR-HWH-ASN,2026-09-02,05:29
37011,EXP,Mail/Express,3,COR-HWH-ASN,2026-09-02,10:14
58603,EXP,Mail/Express,3,COR-HWH-ASN,2026-09-02,18:07
28447,PASS,Passenger,4,COR-HWH-ASN,2026-09-02,21:57
93940,MEMU,MEMU/EMU,4,COR-HWH-ASN,2026-09-02,07:34
96677,PASS,Passenger,4,COR-HWH-ASN,2026-09-02,09:17
97843,SF,Superfast Express,2,COR-HWH-ASN,2026-09-02,06:40
85877,PASS,Passenger,4,COR-HWH-ASN,2026-09-02,17:15
84678,EXP,Mail/Express,3,COR-HWH-ASN,2026-09-02,22:20
74583,PASS,Passenger,4,COR-HWH-ASN,2026-09-02,16:14
73056,RAJ,Rajdhani Express,1,COR-HWH-ASN,2026-09-02,16:04
91468,EXP,Mail/Express,3,COR-HWH-ASN,2026-09-02,14:44
22017,MEMU,MEMU/EMU,4,COR-HWH-ASN,2026-09-02,05:53
47880,PASS,Passenger,4,COR-HWH-ASN,2026-09-02,18:51
11355,EXP,Mail/Express,3,COR-HWH-ASN,2026-09-02,16:06
68936,RAJ,Rajdhani Express,1,COR-HWH-ASN,2026-09-02,17:47
74608,RAJ,Rajdhani Express,1,COR-HWH-ASN,2026-09-02,20:06
91622,PASS,Passenger,4,COR-HWH-ASN,2026-09-02,19:26
97051,EXP,Mail/Express,3,COR-HWH-ASN,2026-09-02,18:24
89756,MEMU,MEMU/EMU,4,COR-HWH-ASN,2026-09-02,21:21
57266,SF,Superfast Express,2,COR-HWH-ASN,2026-09-02,23:47
64554,RAJ,Rajdhani Express,1,COR-HWH-ASN,2026-09-02,15:12
68215,SF,Superfast Express,2,COR-HWH-ASN,2026-09-02,05:16
70656,MEMU,MEMU/EMU,4,COR-HWH-ASN,2026-09-02,11:40
64104,PASS,Passenger,4,COR-HWH-ASN,2026-09-02,19:43
86844,RAJ,Rajdhani Express,1,COR-HWH-ASN,2026-09-02,01:12
10969,SF,Superfast Express,2,COR-HWH-ASN,2026-09-02,04:25
10254,RAJ,Rajdhani Express,1,COR-HWH-ASN,2026-09-02,04:08
78769,FRT,Freight,5,COR-HWH-ASN,2026-09-02,06:22
22128,FRT,Freight,5,COR-HWH-ASN,2026-09-02,09:15
15202,FRT,Freight,5,COR-HWH-ASN,2026-09-02,13:17
75327,FRT,Freight,5,COR-HWH-ASN,2026-09-02,23:18
57965,FRT,Freight,5,COR-HWH-ASN,2026-09-02,01:43
41238,FRT,Freight,5,COR-HWH-ASN,2026-09-02,00:01
89258,FRT,Freight,5,COR-HWH-ASN,2026-09-02,13:57
59240,FRT,Freight,5,COR-HWH-ASN,2026-09-02,23:09
93583,FRT,Freight,5,COR-HWH-ASN,2026-09-02,23:11
78837,FRT,Freight,5,COR-HWH-ASN,2026-09-02,11:45
64289,FRT,Freight,5,COR-HWH-ASN,2026-09-02,10:17
42544,FRT,Freight,5,COR-HWH-ASN,2026-09-02,14:18
70064,FRT,Freight,5,COR-HWH-ASN,2026-09-02,12:37
91176,FRT,Freight,5,COR-HWH-ASN,2026-09-02,14:36
32413,FRT,Freight,5,COR-HWH-ASN,2026-09-02,21:26
92341,FRT,Freight,5,COR-HWH-ASN,2026-09-02,17:47
95669,FRT,Freight,5,COR-HWH-ASN,2026-09-02,11:13
58899,FRT,Freight,5,COR-HWH-ASN,2026-09-02,10:44
96891,FRT,Freight,5,COR-HWH-ASN,2026-09-02,14:52
68398,SF,Superfast Express,2,COR-HWH-ASN,2026-09-03,21:39
71895,EXP,Mail/Express,3,COR-HWH-ASN,2026-09-03,05:27
79890,EXP,Mail/Express,3,COR-HWH-ASN,2026-09-03,20:12
45284,PASS,Passenger,4,COR-HWH-ASN,2026-09-03,06:25
58640,MEMU,MEMU/EMU,4,COR-HWH-ASN,2026-09-03,20:15
85692,RAJ,Rajdhani Express,1,COR-HWH-ASN,2026-09-03,13:24
32453,MEMU,MEMU/EMU,4,COR-HWH-ASN,2026-09-03,20:09
99294,SF,Superfast Express,2,COR-HWH-ASN,2026-09-03,06:28
84374,PASS,Passenger,4,COR-HWH-ASN,2026-09-03,18:45
47976,EXP,Mail/Express,3,COR-HWH-ASN,2026-09-03,17:37
23725,EXP,Mail/Express,3,COR-HWH-ASN,2026-09-03,14:19
84873,PASS,Passenger,4,COR-HWH-ASN,2026-09-03,19:53
86237,RAJ,Rajdhani Express,1,COR-HWH-ASN,2026-09-03,17:25
53043,MEMU,MEMU/EMU,4,COR-HWH-ASN,2026-09-03,20:31
87080,SF,Superfast Express,2,COR-HWH-ASN,2026-09-03,09:38
74990,MEMU,MEMU/EMU,4,COR-HWH-ASN,2026-09-03,15:37
97050,EXP,Mail/Express,3,COR-HWH-ASN,2026-09-03,20:58
91863,PASS,Passenger,4,COR-HWH-ASN,2026-09-03,07:48
56809,EXP,Mail/Express,3,COR-HWH-ASN,2026-09-03,12:52
26705,EXP,Mail/Express,3,COR-HWH-ASN,2026-09-03,22:23
73131,SF,Superfast Express,2,COR-HWH-ASN,2026-09-03,11:30
86015,RAJ,Rajdhani Express,1,COR-HWH-ASN,2026-09-03,07:39
72456,RAJ,Rajdhani Express,1,COR-HWH-ASN,2026-09-03,09:11
86859,SF,Superfast Express,2,COR-HWH-ASN,2026-09-03,20:57
88473,PASS,Passenger,4,COR-HWH-ASN,2026-09-03,22:56
33089,MEMU,MEMU/EMU,4,COR-HWH-ASN,2026-09-03,22:35
77238,PASS,Passenger,4,COR-HWH-ASN,2026-09-03,17:09
85940,MEMU,MEMU/EMU,4,COR-HWH-ASN,2026-09-03,12:05
22663,FRT,Freight,5,COR-HWH-ASN,2026-09-03,17:02
93335,FRT,Freight,5,COR-HWH-ASN,2026-09-03,22:25
57285,FRT,Freight,5,COR-HWH-ASN,2026-09-03,02:14
61235,FRT,Freight,5,COR-HWH-ASN,2026-09-03,02:40
27619,FRT,Freight,5,COR-HWH-ASN,2026-09-03,12:13
79503,FRT,Freight,5,COR-HWH-ASN,2026-09-03,14:22
67477,FRT,Freight,5,COR-HWH-ASN,2026-09-03,10:59
37488,FRT,Freight,5,COR-HWH-ASN,2026-09-03,13:53
36414,RAJ,Rajdhani Express,1,COR-HWH-ASN,2026-09-04,03:46
24378,EXP,Mail/Express,3,COR-HWH-ASN,2026-09-04,23:51
93872,EXP,Mail/Express,3,COR-HWH-ASN,2026-09-04,08:20
14700,PASS,Passenger,4,COR-HWH-ASN,2026-09-04,06:16
74143,SF,Superfast Express,2,COR-HWH-ASN,2026-09-04,09:54
73229,MEMU,MEMU/EMU,4,COR-HWH-ASN,2026-09-04,18:23
23901,EXP,Mail/Express,3,COR-HWH-ASN,2026-09-04,08:30
32597,PASS,Passenger,4,COR-HWH-ASN,2026-09-04,15:05
43428,SF,Superfast Express,2,COR-HWH-ASN,2026-09-04,10:56
45687,RAJ,Rajdhani Express,1,COR-HWH-ASN,2026-09-04,05:34
39493,SF,Superfast Express,2,COR-HWH-ASN,2026-09-04,08:49
61224,RAJ,Rajdhani Express,1,COR-HWH-ASN,2026-09-04,18:36
41852,PASS,Passenger,4,COR-HWH-ASN,2026-09-04,16:12
20932,SF,Superfast Express,2,COR-HWH-ASN,2026-09-04,06:24
98545,PASS,Passenger,4,COR-HWH-ASN,2026-09-04,06:31
74202,RAJ,Rajdhani Express,1,COR-HWH-ASN,2026-09-04,16:58
43583,EXP,Mail/Express,3,COR-HWH-ASN,2026-09-04,19:00
57278,EXP,Mail/Express,3,COR-HWH-ASN,2026-09-04,09:48
39865,RAJ,Rajdhani Express,1,COR-HWH-ASN,2026-09-04,15:57
22289,MEMU,MEMU/EMU,4,COR-HWH-ASN,2026-09-04,06:34
80270,MEMU,MEMU/EMU,4,COR-HWH-ASN,2026-09-04,08:57
95549,EXP,Mail/Express,3,COR-HWH-ASN,2026-09-04,01:18
45521,EXP,Mail/Express,3,COR-HWH-ASN,2026-09-04,18:52
16505,SF,Superfast Express,2,COR-HWH-ASN,2026-09-04,10:51
54327,SF,Superfast Express,2,COR-HWH-ASN,2026-09-04,19:53
75519,EXP,Mail/Express,3,COR-HWH-ASN,2026-09-04,17:11
80221,MEMU,MEMU/EMU,4,COR-HWH-ASN,2026-09-04,19:39
28409,SF,Superfast Express,2,COR-HWH-ASN,2026-09-04,08:39
50194,FRT,Freight,5,COR-HWH-ASN,2026-09-04,04:39
56556,FRT,Freight,5,COR-HWH-ASN,2026-09-04,21:12
56775,FRT,Freight,5,COR-HWH-ASN,2026-09-04,02:25
89882,FRT,Freight,5,COR-HWH-ASN,2026-09-04,01:13
49883,FRT,Freight,5,COR-HWH-ASN,2026-09-04,04:31
20911,FRT,Freight,5,COR-HWH-ASN,2026-09-04,13:10
75795,FRT,Freight,5,COR-HWH-ASN,2026-09-04,01:37
30872,FRT,Freight,5,COR-HWH-ASN,2026-09-04,10:15
84327,FRT,Freight,5,COR-HWH-ASN,2026-09-04,14:54
83072,FRT,Freight,5,COR-HWH-ASN,2026-09-04,21:56
95968,FRT,Freight,5,COR-HWH-ASN,2026-09-04,03:21
54537,FRT,Freight,5,COR-HWH-ASN,2026-09-04,20:56
95077,FRT,Freight,5,COR-HWH-ASN,2026-09-04,03:46
26860,FRT,Freight,5,COR-HWH-ASN,2026-09-04,15:15
80819,FRT,Freight,5,COR-HWH-ASN,2026-09-04,09:12
40743,FRT,Freight,5,COR-HWH-ASN,2026-09-04,01:11
52559,FRT,Freight,5,COR-HWH-ASN,2026-09-04,16:17
82941,FRT,Freight,5,COR-HWH-ASN,2026-09-04,03:28
42205,FRT,Freight,5,COR-HWH-ASN,2026-09-04,02:17
99944,FRT,Freight,5,COR-HWH-ASN,2026-09-04,06:45
27645,FRT,Freight,5,COR-HWH-ASN,2026-09-04,14:01
81859,FRT,Freight,5,COR-HWH-ASN,2026-09-04,03:53
81473,FRT,Freight,5,COR-HWH-ASN,2026-09-04,02:01
37284,RAJ,Rajdhani Express,1,COR-HWH-ASN,2026-09-05,08:27
34698,SF,Superfast Express,2,COR-HWH-ASN,2026-09-05,06:23
53660,SF,Superfast Express,2,COR-HWH-ASN,2026-09-05,19:58
29637,SF,Superfast Express,2,COR-HWH-ASN,2026-09-05,04:27
58024,PASS,Passenger,4,COR-HWH-ASN,2026-09-05,05:23
70405,RAJ,Rajdhani Express,1,COR-HWH-ASN,2026-09-05,08:14
71305,EXP,Mail/Express,3,COR-HWH-ASN,2026-09-05,13:38
43556,MEMU,MEMU/EMU,4,COR-HWH-ASN,2026-09-05,10:49
92176,MEMU,MEMU/EMU,4,COR-HWH-ASN,2026-09-05,03:32
79561,EXP,Mail/Express,3,COR-HWH-ASN,2026-09-05,22:46
82277,PASS,Passenger,4,COR-HWH-ASN,2026-09-05,22:33
13654,MEMU,MEMU/EMU,4,COR-HWH-ASN,2026-09-05,08:21
50428,SF,Superfast Express,2,COR-HWH-ASN,2026-09-05,18:28
48036,MEMU,MEMU/EMU,4,COR-HWH-ASN,2026-09-05,15:33
54549,RAJ,Rajdhani Express,1,COR-HWH-ASN,2026-09-05,07:41
75355,RAJ,Rajdhani Express,1,COR-HWH-ASN,2026-09-05,08:51
72119,EXP,Mail/Express,3,COR-HWH-ASN,2026-09-05,12:46
99096,PASS,Passenger,4,COR-HWH-ASN,2026-09-05,10:09
56257,PASS,Passenger,4,COR-HWH-ASN,2026-09-05,08:50
25987,MEMU,MEMU/EMU,4,COR-HWH-ASN,2026-09-05,19:53
30810,PASS,Passenger,4,COR-HWH-ASN,2026-09-05,12:59
30311,PASS,Passenger,4,COR-HWH-ASN,2026-09-05,17:59
64478,MEMU,MEMU/EMU,4,COR-HWH-ASN,2026-09-05,07:44
44920,RAJ,Rajdhani Express,1,COR-HWH-ASN,2026-09-05,13:29
18738,SF,Superfast Express,2,COR-HWH-ASN,2026-09-05,08:55
83424,EXP,Mail/Express,3,COR-HWH-ASN,2026-09-05,13:10
72232,RAJ,Rajdhani Express,1,COR-HWH-ASN,2026-09-05,18:53
15474,PASS,Passenger,4,COR-HWH-ASN,2026-09-05,18:33
83750,FRT,Freight,5,COR-HWH-ASN,2026-09-05,06:32
51704,FRT,Freight,5,COR-HWH-ASN,2026-09-05,19:35
76137,FRT,Freight,5,COR-HWH-ASN,2026-09-05,02:01
70379,FRT,Freight,5,COR-HWH-ASN,2026-09-05,00:03
34318,FRT,Freight,5,COR-HWH-ASN,2026-09-05,08:15
90987,FRT,Freight,5,COR-HWH-ASN,2026-09-05,21:03
73956,FRT,Freight,5,COR-HWH-ASN,2026-09-05,18:56
15274,FRT,Freight,5,COR-HWH-ASN,2026-09-05,11:08
28226,FRT,Freight,5,COR-HWH-ASN,2026-09-05,13:48
53634,FRT,Freight,5,COR-HWH-ASN,2026-09-05,02:20
74501,FRT,Freight,5,COR-HWH-ASN,2026-09-05,21:22
29046,FRT,Freight,5,COR-HWH-ASN,2026-09-05,19:51
84210,FRT,Freight,5,COR-HWH-ASN,2026-09-05,15:59
94559,FRT,Freight,5,COR-HWH-ASN,2026-09-05,10:52
31910,FRT,Freight,5,COR-HWH-ASN,2026-09-05,23:01
21503,FRT,Freight,5,COR-HWH-ASN,2026-09-05,21:02
58392,FRT,Freight,5,COR-HWH-ASN,2026-09-05,14:22
71472,FRT,Freight,5,COR-HWH-ASN,2026-09-05,06:25
80904,FRT,Freight,5,COR-HWH-ASN,2026-09-05,14:46
99063,FRT,Freight,5,COR-HWH-ASN,2026-09-05,13:06
55335,FRT,Freight,5,COR-HWH-ASN,2026-09-05,07:35
32487,FRT,Freight,5,COR-HWH-ASN,2026-09-05,04:43
46593,FRT,Freight,5,COR-HWH-ASN,2026-09-05,08:32
85927,FRT,Freight,5,COR-HWH-ASN,2026-09-05,13:48
19874,FRT,Freight,5,COR-HWH-ASN,2026-09-05,09:35
64822,FRT,Freight,5,COR-HWH-ASN,2026-09-05,04:03
63948,FRT,Freight,5,COR-HWH-ASN,2026-09-05,18:53
42740,PASS,Passenger,4,COR-HWH-ASN,2026-09-06,12:10
34118,MEMU,MEMU/EMU,4,COR-HWH-ASN,2026-09-06,11:45
16674,EXP,Mail/Express,3,COR-HWH-ASN,2026-09-06,20:02
52331,SF,Superfast Express,2,COR-HWH-ASN,2026-09-06,17:28
25316,MEMU,MEMU/EMU,4,COR-HWH-ASN,2026-09-06,02:52
26217,MEMU,MEMU/EMU,4,COR-HWH-ASN,2026-09-06,08:47
77541,SF,Superfast Express,2,COR-HWH-ASN,2026-09-06,20:51
24602,SF,Superfast Express,2,COR-HWH-ASN,2026-09-06,01:29
97181,PASS,Passenger,4,COR-HWH-ASN,2026-09-06,14:48
23987,MEMU,MEMU/EMU,4,COR-HWH-ASN,2026-09-06,18:36
59915,RAJ,Rajdhani Express,1,COR-HWH-ASN,2026-09-06,16:57
23543,RAJ,Rajdhani Express,1,COR-HWH-ASN,2026-09-06,18:06
37944,MEMU,MEMU/EMU,4,COR-HWH-ASN,2026-09-06,18:16
68241,SF,Superfast Express,2,COR-HWH-ASN,2026-09-06,17:19
19144,EXP,Mail/Express,3,COR-HWH-ASN,2026-09-06,19:53
48459,SF,Superfast Express,2,COR-HWH-ASN,2026-09-06,16:10
49827,SF,Superfast Express,2,COR-HWH-ASN,2026-09-06,10:43
40741,EXP,Mail/Express,3,COR-HWH-ASN,2026-09-06,11:24
80015,SF,Superfast Express,2,COR-HWH-ASN,2026-09-06,18:58
79734,EXP,Mail/Express,3,COR-HWH-ASN,2026-09-06,20:23
84627,MEMU,MEMU/EMU,4,COR-HWH-ASN,2026-09-06,08:01
79741,EXP,Mail/Express,3,COR-HWH-ASN,2026-09-06,09:26
79177,RAJ,Rajdhani Express,1,COR-HWH-ASN,2026-09-06,21:18
13543,EXP,Mail/Express,3,COR-HWH-ASN,2026-09-06,15:57
15591,SF,Superfast Express,2,COR-HWH-ASN,2026-09-06,06:28
84215,MEMU,MEMU/EMU,4,COR-HWH-ASN,2026-09-07,04:14
23427,EXP,Mail/Express,3,COR-HWH-ASN,2026-09-07,19:51
74442,SF,Superfast Express,2,COR-HWH-ASN,2026-09-07,17:19
99100,EXP,Mail/Express,3,COR-HWH-ASN,2026-09-07,19:02
44708,MEMU,MEMU/EMU,4,COR-HWH-ASN,2026-09-07,06:13
34271,MEMU,MEMU/EMU,4,COR-HWH-ASN,2026-09-07,02:08
73572,RAJ,Rajdhani Express,1,COR-HWH-ASN,2026-09-07,21:18
26631,MEMU,MEMU/EMU,4,COR-HWH-ASN,2026-09-07,06:39
29887,SF,Superfast Express,2,COR-HWH-ASN,2026-09-07,19:33
35259,MEMU,MEMU/EMU,4,COR-HWH-ASN,2026-09-07,19:03
67987,MEMU,MEMU/EMU,4,COR-HWH-ASN,2026-09-07,17:32
59630,SF,Superfast Express,2,COR-HWH-ASN,2026-09-07,06:42
29144,SF,Superfast Express,2,COR-HWH-ASN,2026-09-07,17:36
88191,MEMU,MEMU/EMU,4,COR-HWH-ASN,2026-09-07,20:01
59060,MEMU,MEMU/EMU,4,COR-HWH-ASN,2026-09-07,10:26
65092,EXP,Mail/Express,3,COR-HWH-ASN,2026-09-07,10:44
30836,MEMU,MEMU/EMU,4,COR-HWH-ASN,2026-09-07,11:16
76904,RAJ,Rajdhani Express,1,COR-HWH-ASN,2026-09-07,05:48
54456,RAJ,Rajdhani Express,1,COR-HWH-ASN,2026-09-07,20:49
46380,RAJ,Rajdhani Express,1,COR-HWH-ASN,2026-09-07,20:52
87735,RAJ,Rajdhani Express,1,COR-HWH-ASN,2026-09-07,23:59
21569,MEMU,MEMU/EMU,4,COR-HWH-ASN,2026-09-07,15:30
41182,EXP,Mail/Express,3,COR-HWH-ASN,2026-09-07,18:40
88651,SF,Superfast Express,2,COR-HWH-ASN,2026-09-07,07:05
31649,MEMU,MEMU/EMU,4,COR-HWH-ASN,2026-09-07,17:59
93731,PASS,Passenger,4,COR-HWH-ASN,2026-09-07,17:51
37003,MEMU,MEMU/EMU,4,COR-HWH-ASN,2026-09-07,20:30
26551,RAJ,Rajdhani Express,1,COR-HWH-ASN,2026-09-07,19:02
45862,PASS,Passenger,4,COR-HWH-ASN,2026-09-08,02:39
94727,MEMU,MEMU/EMU,4,COR-HWH-ASN,2026-09-08,20:39
24821,EXP,Mail/Express,3,COR-HWH-ASN,2026-09-08,06:29
83118,EXP,Mail/Express,3,COR-HWH-ASN,2026-09-08,20:37
84548,PASS,Passenger,4,COR-HWH-ASN,2026-09-08,21:34
43655,SF,Superfast Express,2,COR-HWH-ASN,2026-09-08,11:01
54688,PASS,Passenger,4,COR-HWH-ASN,2026-09-08,19:45
64576,EXP,Mail/Express,3,COR-HWH-ASN,2026-09-08,09:07
90066,PASS,Passenger,4,COR-HWH-ASN,2026-09-08,20:37
95913,RAJ,Rajdhani Express,1,COR-HWH-ASN,2026-09-08,19:03
62236,RAJ,Rajdhani Express,1,COR-HWH-ASN,2026-09-08,05:36
55221,SF,Superfast Express,2,COR-HWH-ASN,2026-09-08,15:20
97189,PASS,Passenger,4,COR-HWH-ASN,2026-09-08,16:12
95916,PASS,Passenger,4,COR-HWH-ASN,2026-09-08,00:08
76092,PASS,Passenger,4,COR-HWH-ASN,2026-09-08,23:44
64445,PASS,Passenger,4,COR-HWH-ASN,2026-09-08,10:28
18900,SF,Superfast Express,2,COR-HWH-ASN,2026-09-08,13:40
43485,EXP,Mail/Express,3,COR-HWH-ASN,2026-09-08,07:55
23891,MEMU,MEMU/EMU,4,COR-HWH-ASN,2026-09-08,16:23
25014,SF,Superfast Express,2,COR-HWH-ASN,2026-09-08,19:15
82083,EXP,Mail/Express,3,COR-HWH-ASN,2026-09-08,15:11
47964,EXP,Mail/Express,3,COR-HWH-ASN,2026-09-08,19:01
61171,EXP,Mail/Express,3,COR-HWH-ASN,2026-09-08,18:18
54739,PASS,Passenger,4,COR-HWH-ASN,2026-09-08,07:29
95799,SF,Superfast Express,2,COR-HWH-ASN,2026-09-08,11:15
94856,EXP,Mail/Express,3,COR-HWH-ASN,2026-09-08,06:23
53374,MEMU,MEMU/EMU,4,COR-HWH-ASN,2026-09-08,03:12
49459,MEMU,MEMU/EMU,4,COR-HWH-ASN,2026-09-08,04:04
21573,RAJ,Rajdhani Express,1,COR-HWH-ASN,2026-09-09,10:37
53334,EXP,Mail/Express,3,COR-HWH-ASN,2026-09-09,19:36
94475,SF,Superfast Express,2,COR-HWH-ASN,2026-09-09,19:42
75364,PASS,Passenger,4,COR-HWH-ASN,2026-09-09,18:24
23157,RAJ,Rajdhani Express,1,COR-HWH-ASN,2026-09-09,04:40
19322,EXP,Mail/Express,3,COR-HWH-ASN,2026-09-09,19:34
12482,PASS,Passenger,4,COR-HWH-ASN,2026-09-09,21:28
45867,SF,Superfast Express,2,COR-HWH-ASN,2026-09-09,04:40
89211,SF,Superfast Express,2,COR-HWH-ASN,2026-09-09,10:28
87271,RAJ,Rajdhani Express,1,COR-HWH-ASN,2026-09-09,23:11
89386,RAJ,Rajdhani Express,1,COR-HWH-ASN,2026-09-09,15:34
16732,EXP,Mail/Express,3,COR-HWH-ASN,2026-09-09,13:19
50753,PASS,Passenger,4,COR-HWH-ASN,2026-09-09,06:16
44422,MEMU,MEMU/EMU,4,COR-HWH-ASN,2026-09-09,14:52
86964,PASS,Passenger,4,COR-HWH-ASN,2026-09-09,11:11
66284,SF,Superfast Express,2,COR-HWH-ASN,2026-09-09,06:56
21311,SF,Superfast Express,2,COR-HWH-ASN,2026-09-09,11:49
79269,EXP,Mail/Express,3,COR-HWH-ASN,2026-09-09,06:35
49579,MEMU,MEMU/EMU,4,COR-HWH-ASN,2026-09-09,18:09
83878,EXP,Mail/Express,3,COR-HWH-ASN,2026-09-09,22:17
86000,SF,Superfast Express,2,COR-HWH-ASN,2026-09-09,11:29
58514,SF,Superfast Express,2,COR-HWH-ASN,2026-09-09,16:07
55311,PASS,Passenger,4,COR-HWH-ASN,2026-09-09,11:40
20300,MEMU,MEMU/EMU,4,COR-HWH-ASN,2026-09-09,06:50
75375,PASS,Passenger,4,COR-HWH-ASN,2026-09-09,22:12
44563,PASS,Passenger,4,COR-HWH-ASN,2026-09-09,06:30
58960,EXP,Mail/Express,3,COR-HWH-ASN,2026-09-09,05:56
89244,PASS,Passenger,4,COR-HWH-ASN,2026-09-09,11:05
21842,RAJ,Rajdhani Express,1,COR-HWH-ASN,2026-09-10,18:14
74099,RAJ,Rajdhani Express,1,COR-HWH-ASN,2026-09-10,21:05
12082,PASS,Passenger,4,COR-HWH-ASN,2026-09-10,19:04
63804,MEMU,MEMU/EMU,4,COR-HWH-ASN,2026-09-10,18:53
36261,PASS,Passenger,4,COR-HWH-ASN,2026-09-10,09:53
96506,SF,Superfast Express,2,COR-HWH-ASN,2026-09-10,04:02
19795,SF,Superfast Express,2,COR-HWH-ASN,2026-09-10,07:42
55309,MEMU,MEMU/EMU,4,COR-HWH-ASN,2026-09-10,11:42
71456,EXP,Mail/Express,3,COR-HWH-ASN,2026-09-10,22:15
30180,RAJ,Rajdhani Express,1,COR-HWH-ASN,2026-09-10,18:34
73288,RAJ,Rajdhani Express,1,COR-HWH-ASN,2026-09-10,19:08
56335,EXP,Mail/Express,3,COR-HWH-ASN,2026-09-10,08:34
43268,PASS,Passenger,4,COR-HWH-ASN,2026-09-10,17:18
76551,MEMU,MEMU/EMU,4,COR-HWH-ASN,2026-09-10,20:42
34489,PASS,Passenger,4,COR-HWH-ASN,2026-09-10,12:45
69398,EXP,Mail/Express,3,COR-HWH-ASN,2026-09-10,10:33
64470,MEMU,MEMU/EMU,4,COR-HWH-ASN,2026-09-10,18:38
87402,RAJ,Rajdhani Express,1,COR-HWH-ASN,2026-09-10,14:09
90808,RAJ,Rajdhani Express,1,COR-HWH-ASN,2026-09-10,23:09
42161,PASS,Passenger,4,COR-HWH-ASN,2026-09-10,10:19
77635,SF,Superfast Express,2,COR-HWH-ASN,2026-09-10,06:00
81922,EXP,Mail/Express,3,COR-HWH-ASN,2026-09-10,11:05
80874,EXP,Mail/Express,3,COR-HWH-ASN,2026-09-10,07:52
70361,PASS,Passenger,4,COR-HWH-ASN,2026-09-10,14:45
83836,EXP,Mail/Express,3,COR-HWH-ASN,2026-09-10,06:58
70766,RAJ,Rajdhani Express,1,COR-HWH-ASN,2026-09-10,22:01
31400,PASS,Passenger,4,COR-HWH-ASN,2026-09-10,20:37
34641,RAJ,Rajdhani Express,1,COR-HWH-ASN,2026-09-10,06:32
34601,MEMU,MEMU/EMU,4,COR-HWH-ASN,2026-09-11,12:54
42850,MEMU,MEMU/EMU,4,COR-HWH-ASN,2026-09-11,08:38
51132,SF,Superfast Express,2,COR-HWH-ASN,2026-09-11,09:01
60150,EXP,Mail/Express,3,COR-HWH-ASN,2026-09-11,20:50
15804,MEMU,MEMU/EMU,4,COR-HWH-ASN,2026-09-11,11:01
95061,EXP,Mail/Express,3,COR-HWH-ASN,2026-09-11,07:53
62034,RAJ,Rajdhani Express,1,COR-HWH-ASN,2026-09-11,21:28
55061,PASS,Passenger,4,COR-HWH-ASN,2026-09-11,19:44
37419,MEMU,MEMU/EMU,4,COR-HWH-ASN,2026-09-11,04:23
33746,PASS,Passenger,4,COR-HWH-ASN,2026-09-11,23:23
88348,MEMU,MEMU/EMU,4,COR-HWH-ASN,2026-09-11,17:15
77581,EXP,Mail/Express,3,COR-HWH-ASN,2026-09-11,06:30
35336,MEMU,MEMU/EMU,4,COR-HWH-ASN,2026-09-11,07:48
55952,MEMU,MEMU/EMU,4,COR-HWH-ASN,2026-09-11,17:42
57143,RAJ,Rajdhani Express,1,COR-HWH-ASN,2026-09-11,18:08
97204,SF,Superfast Express,2,COR-HWH-ASN,2026-09-11,07:26
69379,RAJ,Rajdhani Express,1,COR-HWH-ASN,2026-09-11,07:55
44320,PASS,Passenger,4,COR-HWH-ASN,2026-09-11,08:40
46516,EXP,Mail/Express,3,COR-HWH-ASN,2026-09-11,15:13
69789,EXP,Mail/Express,3,COR-HWH-ASN,2026-09-11,06:44
81114,MEMU,MEMU/EMU,4,COR-HWH-ASN,2026-09-11,05:24
71240,EXP,Mail/Express,3,COR-HWH-ASN,2026-09-11,17:42
51798,SF,Superfast Express,2,COR-HWH-ASN,2026-09-11,18:43
96615,SF,Superfast Express,2,COR-HWH-ASN,2026-09-11,12:21
65920,MEMU,MEMU/EMU,4,COR-HWH-ASN,2026-09-11,09:34
76473,MEMU,MEMU/EMU,4,COR-HWH-ASN,2026-09-11,11:32
75326,PASS,Passenger,4,COR-HWH-ASN,2026-09-11,10:26
83131,MEMU,MEMU/EMU,4,COR-HWH-ASN,2026-09-11,22:39
84279,RAJ,Rajdhani Express,1,COR-HWH-ASN,2026-09-12,17:34
17391,RAJ,Rajdhani Express,1,COR-HWH-ASN,2026-09-12,17:12
84891,RAJ,Rajdhani Express,1,COR-HWH-ASN,2026-09-12,04:47
72830,SF,Superfast Express,2,COR-HWH-ASN,2026-09-12,07:42
80783,EXP,Mail/Express,3,COR-HWH-ASN,2026-09-12,22:19
50286,PASS,Passenger,4,COR-HWH-ASN,2026-09-12,13:58
81826,MEMU,MEMU/EMU,4,COR-HWH-ASN,2026-09-12,09:47
47595,PASS,Passenger,4,COR-HWH-ASN,2026-09-12,18:51
72740,SF,Superfast Express,2,COR-HWH-ASN,2026-09-12,13:01
60929,MEMU,MEMU/EMU,4,COR-HWH-ASN,2026-09-12,00:03
42827,MEMU,MEMU/EMU,4,COR-HWH-ASN,2026-09-12,18:26
36209,SF,Superfast Express,2,COR-HWH-ASN,2026-09-12,18:59
90752,EXP,Mail/Express,3,COR-HWH-ASN,2026-09-12,06:24
83396,MEMU,MEMU/EMU,4,COR-HWH-ASN,2026-09-12,22:03
88961,EXP,Mail/Express,3,COR-HWH-ASN,2026-09-12,07:59
23806,SF,Superfast Express,2,COR-HWH-ASN,2026-09-12,11:31
35406,PASS,Passenger,4,COR-HWH-ASN,2026-09-12,05:16
44360,MEMU,MEMU/EMU,4,COR-HWH-ASN,2026-09-12,16:00
90000,EXP,Mail/Express,3,COR-HWH-ASN,2026-09-12,09:32
48865,MEMU,MEMU/EMU,4,COR-HWH-ASN,2026-09-12,09:29
16458,EXP,Mail/Express,3,COR-HWH-ASN,2026-09-12,19:04
19151,MEMU,MEMU/EMU,4,COR-HWH-ASN,2026-09-12,00:53
64869,MEMU,MEMU/EMU,4,COR-HWH-ASN,2026-09-12,19:11
82024,MEMU,MEMU/EMU,4,COR-HWH-ASN,2026-09-12,15:37
34541,PASS,Passenger,4,COR-HWH-ASN,2026-09-12,23:31
31803,MEMU,MEMU/EMU,4,COR-HWH-ASN,2026-09-12,15:37
53183,EXP,Mail/Express,3,COR-HWH-ASN,2026-09-12,04:56
54776,PASS,Passenger,4,COR-HWH-ASN,2026-09-12,03:16
33898,RAJ,Rajdhani Express,1,COR-SBC-JTJ,2026-08-30,15:33
89923,EXP,Mail/Express,3,COR-SBC-JTJ,2026-08-30,19:08
66912,EXP,Mail/Express,3,COR-SBC-JTJ,2026-08-30,18:08
56435,RAJ,Rajdhani Express,1,COR-SBC-JTJ,2026-08-30,05:17
13794,PASS,Passenger,4,COR-SBC-JTJ,2026-08-30,22:10
79126,MEMU,MEMU/EMU,4,COR-SBC-JTJ,2026-08-30,17:12
24698,EXP,Mail/Express,3,COR-SBC-JTJ,2026-08-30,22:37
22332,RAJ,Rajdhani Express,1,COR-SBC-JTJ,2026-08-30,08:08
19593,MEMU,MEMU/EMU,4,COR-SBC-JTJ,2026-08-30,17:15
68132,PASS,Passenger,4,COR-SBC-JTJ,2026-08-30,20:03
21036,EXP,Mail/Express,3,COR-SBC-JTJ,2026-08-30,09:33
89908,MEMU,MEMU/EMU,4,COR-SBC-JTJ,2026-08-30,22:06
63164,MEMU,MEMU/EMU,4,COR-SBC-JTJ,2026-08-30,08:14
29351,SF,Superfast Express,2,COR-SBC-JTJ,2026-08-30,08:56
68413,RAJ,Rajdhani Express,1,COR-SBC-JTJ,2026-08-30,21:37
28059,MEMU,MEMU/EMU,4,COR-SBC-JTJ,2026-08-30,22:10
37188,PASS,Passenger,4,COR-SBC-JTJ,2026-08-30,08:31
53420,FRT,Freight,5,COR-SBC-JTJ,2026-08-30,23:39
43379,FRT,Freight,5,COR-SBC-JTJ,2026-08-30,15:13
74102,FRT,Freight,5,COR-SBC-JTJ,2026-08-30,04:59
64664,FRT,Freight,5,COR-SBC-JTJ,2026-08-30,03:33
80960,FRT,Freight,5,COR-SBC-JTJ,2026-08-30,12:27
85475,FRT,Freight,5,COR-SBC-JTJ,2026-08-30,01:07
16586,SF,Superfast Express,2,COR-SBC-JTJ,2026-08-31,10:55
29703,MEMU,MEMU/EMU,4,COR-SBC-JTJ,2026-08-31,14:02
86177,MEMU,MEMU/EMU,4,COR-SBC-JTJ,2026-08-31,11:13
46735,PASS,Passenger,4,COR-SBC-JTJ,2026-08-31,20:14
76358,SF,Superfast Express,2,COR-SBC-JTJ,2026-08-31,21:32
49648,SF,Superfast Express,2,COR-SBC-JTJ,2026-08-31,19:41
22129,RAJ,Rajdhani Express,1,COR-SBC-JTJ,2026-08-31,09:21
91079,MEMU,MEMU/EMU,4,COR-SBC-JTJ,2026-08-31,18:00
46656,RAJ,Rajdhani Express,1,COR-SBC-JTJ,2026-08-31,10:30
39665,SF,Superfast Express,2,COR-SBC-JTJ,2026-08-31,07:46
23499,RAJ,Rajdhani Express,1,COR-SBC-JTJ,2026-08-31,09:34
85888,PASS,Passenger,4,COR-SBC-JTJ,2026-08-31,04:52
29654,EXP,Mail/Express,3,COR-SBC-JTJ,2026-08-31,09:19
85653,PASS,Passenger,4,COR-SBC-JTJ,2026-08-31,11:31
96613,SF,Superfast Express,2,COR-SBC-JTJ,2026-08-31,22:54
79529,PASS,Passenger,4,COR-SBC-JTJ,2026-08-31,08:53
28982,SF,Superfast Express,2,COR-SBC-JTJ,2026-08-31,20:11
91848,PASS,Passenger,4,COR-SBC-JTJ,2026-08-31,07:50
89874,MEMU,MEMU/EMU,4,COR-SBC-JTJ,2026-08-31,07:15
69867,FRT,Freight,5,COR-SBC-JTJ,2026-08-31,01:38
13709,FRT,Freight,5,COR-SBC-JTJ,2026-08-31,06:12
34110,FRT,Freight,5,COR-SBC-JTJ,2026-08-31,22:03
59365,FRT,Freight,5,COR-SBC-JTJ,2026-08-31,12:31
15723,FRT,Freight,5,COR-SBC-JTJ,2026-08-31,04:44
65704,FRT,Freight,5,COR-SBC-JTJ,2026-08-31,23:39
37394,FRT,Freight,5,COR-SBC-JTJ,2026-08-31,03:33
74120,FRT,Freight,5,COR-SBC-JTJ,2026-08-31,22:38
20316,FRT,Freight,5,COR-SBC-JTJ,2026-08-31,16:42
32622,FRT,Freight,5,COR-SBC-JTJ,2026-08-31,17:16
34844,FRT,Freight,5,COR-SBC-JTJ,2026-08-31,18:23
61560,FRT,Freight,5,COR-SBC-JTJ,2026-08-31,11:28
69921,FRT,Freight,5,COR-SBC-JTJ,2026-08-31,20:45
60250,MEMU,MEMU/EMU,4,COR-SBC-JTJ,2026-09-01,05:54
50558,PASS,Passenger,4,COR-SBC-JTJ,2026-09-01,19:01
63092,RAJ,Rajdhani Express,1,COR-SBC-JTJ,2026-09-01,18:13
85121,SF,Superfast Express,2,COR-SBC-JTJ,2026-09-01,07:45
65604,MEMU,MEMU/EMU,4,COR-SBC-JTJ,2026-09-01,18:03
47039,SF,Superfast Express,2,COR-SBC-JTJ,2026-09-01,17:16
79859,MEMU,MEMU/EMU,4,COR-SBC-JTJ,2026-09-01,18:46
58745,EXP,Mail/Express,3,COR-SBC-JTJ,2026-09-01,07:47
15461,PASS,Passenger,4,COR-SBC-JTJ,2026-09-01,06:04
50831,MEMU,MEMU/EMU,4,COR-SBC-JTJ,2026-09-01,07:23
61137,PASS,Passenger,4,COR-SBC-JTJ,2026-09-01,09:48
44030,EXP,Mail/Express,3,COR-SBC-JTJ,2026-09-01,19:54
15731,SF,Superfast Express,2,COR-SBC-JTJ,2026-09-01,18:06
31500,PASS,Passenger,4,COR-SBC-JTJ,2026-09-01,21:22
85439,MEMU,MEMU/EMU,4,COR-SBC-JTJ,2026-09-01,04:46
43117,EXP,Mail/Express,3,COR-SBC-JTJ,2026-09-01,00:16
41174,MEMU,MEMU/EMU,4,COR-SBC-JTJ,2026-09-01,17:11
43208,EXP,Mail/Express,3,COR-SBC-JTJ,2026-09-01,08:10
94728,EXP,Mail/Express,3,COR-SBC-JTJ,2026-09-01,09:50
78071,FRT,Freight,5,COR-SBC-JTJ,2026-09-01,02:13
63866,FRT,Freight,5,COR-SBC-JTJ,2026-09-01,21:02
80499,FRT,Freight,5,COR-SBC-JTJ,2026-09-01,20:35
88243,FRT,Freight,5,COR-SBC-JTJ,2026-09-01,02:25
73153,FRT,Freight,5,COR-SBC-JTJ,2026-09-01,06:13
22860,FRT,Freight,5,COR-SBC-JTJ,2026-09-01,01:30
89783,FRT,Freight,5,COR-SBC-JTJ,2026-09-01,21:13
92946,FRT,Freight,5,COR-SBC-JTJ,2026-09-01,05:57
27670,FRT,Freight,5,COR-SBC-JTJ,2026-09-01,09:39
94766,FRT,Freight,5,COR-SBC-JTJ,2026-09-01,05:09
51280,FRT,Freight,5,COR-SBC-JTJ,2026-09-01,05:08
32546,MEMU,MEMU/EMU,4,COR-SBC-JTJ,2026-09-02,18:56
47874,PASS,Passenger,4,COR-SBC-JTJ,2026-09-02,18:33
61318,SF,Superfast Express,2,COR-SBC-JTJ,2026-09-02,06:31
47165,SF,Superfast Express,2,COR-SBC-JTJ,2026-09-02,11:11
72970,EXP,Mail/Express,3,COR-SBC-JTJ,2026-09-02,16:42
66820,MEMU,MEMU/EMU,4,COR-SBC-JTJ,2026-09-02,01:16
55411,EXP,Mail/Express,3,COR-SBC-JTJ,2026-09-02,10:58
90358,SF,Superfast Express,2,COR-SBC-JTJ,2026-09-02,06:05
95312,EXP,Mail/Express,3,COR-SBC-JTJ,2026-09-02,13:50
85998,EXP,Mail/Express,3,COR-SBC-JTJ,2026-09-02,19:12
46479,SF,Superfast Express,2,COR-SBC-JTJ,2026-09-02,13:38
49906,PASS,Passenger,4,COR-SBC-JTJ,2026-09-02,02:21
83198,EXP,Mail/Express,3,COR-SBC-JTJ,2026-09-02,02:10
82940,PASS,Passenger,4,COR-SBC-JTJ,2026-09-02,16:06
52605,EXP,Mail/Express,3,COR-SBC-JTJ,2026-09-02,08:44
19542,MEMU,MEMU/EMU,4,COR-SBC-JTJ,2026-09-02,15:44
91440,EXP,Mail/Express,3,COR-SBC-JTJ,2026-09-02,06:20
37774,EXP,Mail/Express,3,COR-SBC-JTJ,2026-09-02,18:00
18556,RAJ,Rajdhani Express,1,COR-SBC-JTJ,2026-09-02,20:29
20002,FRT,Freight,5,COR-SBC-JTJ,2026-09-02,00:36
58586,FRT,Freight,5,COR-SBC-JTJ,2026-09-02,12:48
78737,FRT,Freight,5,COR-SBC-JTJ,2026-09-02,03:18
74668,FRT,Freight,5,COR-SBC-JTJ,2026-09-02,17:59
37048,FRT,Freight,5,COR-SBC-JTJ,2026-09-02,10:36
50324,FRT,Freight,5,COR-SBC-JTJ,2026-09-02,15:54
76877,FRT,Freight,5,COR-SBC-JTJ,2026-09-02,21:20
89517,FRT,Freight,5,COR-SBC-JTJ,2026-09-02,12:13
84232,FRT,Freight,5,COR-SBC-JTJ,2026-09-02,05:09
24525,FRT,Freight,5,COR-SBC-JTJ,2026-09-02,18:52
62634,FRT,Freight,5,COR-SBC-JTJ,2026-09-02,04:06
71491,FRT,Freight,5,COR-SBC-JTJ,2026-09-02,22:28
15565,FRT,Freight,5,COR-SBC-JTJ,2026-09-02,01:39
90483,FRT,Freight,5,COR-SBC-JTJ,2026-09-02,21:07
82053,FRT,Freight,5,COR-SBC-JTJ,2026-09-02,01:38
24287,FRT,Freight,5,COR-SBC-JTJ,2026-09-02,00:12
87365,FRT,Freight,5,COR-SBC-JTJ,2026-09-02,06:45
30704,MEMU,MEMU/EMU,4,COR-SBC-JTJ,2026-09-03,12:21
62646,MEMU,MEMU/EMU,4,COR-SBC-JTJ,2026-09-03,08:23
58181,PASS,Passenger,4,COR-SBC-JTJ,2026-09-03,17:44
40589,PASS,Passenger,4,COR-SBC-JTJ,2026-09-03,23:47
97972,EXP,Mail/Express,3,COR-SBC-JTJ,2026-09-03,01:12
93562,SF,Superfast Express,2,COR-SBC-JTJ,2026-09-03,20:32
91229,EXP,Mail/Express,3,COR-SBC-JTJ,2026-09-03,00:49
19212,RAJ,Rajdhani Express,1,COR-SBC-JTJ,2026-09-03,09:21
23850,EXP,Mail/Express,3,COR-SBC-JTJ,2026-09-03,06:34
49767,RAJ,Rajdhani Express,1,COR-SBC-JTJ,2026-09-03,18:16
17322,EXP,Mail/Express,3,COR-SBC-JTJ,2026-09-03,03:21
45911,PASS,Passenger,4,COR-SBC-JTJ,2026-09-03,14:04
56580,EXP,Mail/Express,3,COR-SBC-JTJ,2026-09-03,08:24
60622,PASS,Passenger,4,COR-SBC-JTJ,2026-09-03,06:05
15678,SF,Superfast Express,2,COR-SBC-JTJ,2026-09-03,18:52
75265,SF,Superfast Express,2,COR-SBC-JTJ,2026-09-03,07:16
76918,MEMU,MEMU/EMU,4,COR-SBC-JTJ,2026-09-03,07:30
31780,EXP,Mail/Express,3,COR-SBC-JTJ,2026-09-03,08:16
37506,MEMU,MEMU/EMU,4,COR-SBC-JTJ,2026-09-03,15:58
53915,FRT,Freight,5,COR-SBC-JTJ,2026-09-03,05:50
63780,FRT,Freight,5,COR-SBC-JTJ,2026-09-03,00:09
15060,FRT,Freight,5,COR-SBC-JTJ,2026-09-03,01:10
59094,FRT,Freight,5,COR-SBC-JTJ,2026-09-03,10:13
66899,FRT,Freight,5,COR-SBC-JTJ,2026-09-03,20:25
65421,FRT,Freight,5,COR-SBC-JTJ,2026-09-03,19:46
55610,FRT,Freight,5,COR-SBC-JTJ,2026-09-03,03:29
20933,FRT,Freight,5,COR-SBC-JTJ,2026-09-03,02:55
82168,FRT,Freight,5,COR-SBC-JTJ,2026-09-03,07:54
53898,FRT,Freight,5,COR-SBC-JTJ,2026-09-03,22:41
98509,FRT,Freight,5,COR-SBC-JTJ,2026-09-03,01:03
15589,FRT,Freight,5,COR-SBC-JTJ,2026-09-03,12:38
21612,FRT,Freight,5,COR-SBC-JTJ,2026-09-03,01:10
57611,FRT,Freight,5,COR-SBC-JTJ,2026-09-03,10:23
28888,FRT,Freight,5,COR-SBC-JTJ,2026-09-03,01:53
29417,FRT,Freight,5,COR-SBC-JTJ,2026-09-03,01:21
71323,FRT,Freight,5,COR-SBC-JTJ,2026-09-03,02:02
87551,FRT,Freight,5,COR-SBC-JTJ,2026-09-03,04:36
55440,FRT,Freight,5,COR-SBC-JTJ,2026-09-03,04:57
69424,EXP,Mail/Express,3,COR-SBC-JTJ,2026-09-04,20:44
76345,SF,Superfast Express,2,COR-SBC-JTJ,2026-09-04,17:22
62878,RAJ,Rajdhani Express,1,COR-SBC-JTJ,2026-09-04,16:12
74963,MEMU,MEMU/EMU,4,COR-SBC-JTJ,2026-09-04,17:26
95898,MEMU,MEMU/EMU,4,COR-SBC-JTJ,2026-09-04,19:40
10036,SF,Superfast Express,2,COR-SBC-JTJ,2026-09-04,20:16
42402,SF,Superfast Express,2,COR-SBC-JTJ,2026-09-04,16:49
20273,RAJ,Rajdhani Express,1,COR-SBC-JTJ,2026-09-04,20:50
35030,MEMU,MEMU/EMU,4,COR-SBC-JTJ,2026-09-04,13:12
62460,SF,Superfast Express,2,COR-SBC-JTJ,2026-09-04,08:11
86939,SF,Superfast Express,2,COR-SBC-JTJ,2026-09-04,20:28
90573,RAJ,Rajdhani Express,1,COR-SBC-JTJ,2026-09-04,13:20
29039,RAJ,Rajdhani Express,1,COR-SBC-JTJ,2026-09-04,21:19
24017,PASS,Passenger,4,COR-SBC-JTJ,2026-09-04,02:19
92901,EXP,Mail/Express,3,COR-SBC-JTJ,2026-09-04,10:30
49215,PASS,Passenger,4,COR-SBC-JTJ,2026-09-04,22:07
22583,RAJ,Rajdhani Express,1,COR-SBC-JTJ,2026-09-04,07:23
42919,SF,Superfast Express,2,COR-SBC-JTJ,2026-09-04,21:10
57025,RAJ,Rajdhani Express,1,COR-SBC-JTJ,2026-09-04,22:38
72678,FRT,Freight,5,COR-SBC-JTJ,2026-09-04,03:34
57062,FRT,Freight,5,COR-SBC-JTJ,2026-09-04,19:33
90429,FRT,Freight,5,COR-SBC-JTJ,2026-09-04,01:15
42956,FRT,Freight,5,COR-SBC-JTJ,2026-09-04,09:17
63830,FRT,Freight,5,COR-SBC-JTJ,2026-09-04,00:17
82681,FRT,Freight,5,COR-SBC-JTJ,2026-09-04,05:37
23133,FRT,Freight,5,COR-SBC-JTJ,2026-09-04,16:49
22209,FRT,Freight,5,COR-SBC-JTJ,2026-09-04,01:42
84681,FRT,Freight,5,COR-SBC-JTJ,2026-09-04,22:31
64345,FRT,Freight,5,COR-SBC-JTJ,2026-09-04,22:06
55485,MEMU,MEMU/EMU,4,COR-SBC-JTJ,2026-09-05,09:37
22069,SF,Superfast Express,2,COR-SBC-JTJ,2026-09-05,17:36
67198,PASS,Passenger,4,COR-SBC-JTJ,2026-09-05,11:50
48662,PASS,Passenger,4,COR-SBC-JTJ,2026-09-05,18:25
98970,PASS,Passenger,4,COR-SBC-JTJ,2026-09-05,19:50
62169,SF,Superfast Express,2,COR-SBC-JTJ,2026-09-05,17:26
82928,EXP,Mail/Express,3,COR-SBC-JTJ,2026-09-05,12:57
26102,EXP,Mail/Express,3,COR-SBC-JTJ,2026-09-05,18:12
43457,EXP,Mail/Express,3,COR-SBC-JTJ,2026-09-05,12:06
97798,RAJ,Rajdhani Express,1,COR-SBC-JTJ,2026-09-05,05:07
62290,RAJ,Rajdhani Express,1,COR-SBC-JTJ,2026-09-05,05:45
21932,MEMU,MEMU/EMU,4,COR-SBC-JTJ,2026-09-05,22:50
21766,SF,Superfast Express,2,COR-SBC-JTJ,2026-09-05,07:50
98247,MEMU,MEMU/EMU,4,COR-SBC-JTJ,2026-09-05,19:22
23292,RAJ,Rajdhani Express,1,COR-SBC-JTJ,2026-09-05,07:25
96223,SF,Superfast Express,2,COR-SBC-JTJ,2026-09-05,10:43
57631,PASS,Passenger,4,COR-SBC-JTJ,2026-09-05,17:54
82944,SF,Superfast Express,2,COR-SBC-JTJ,2026-09-05,06:26
86230,RAJ,Rajdhani Express,1,COR-SBC-JTJ,2026-09-05,18:08
27806,FRT,Freight,5,COR-SBC-JTJ,2026-09-05,22:22
50326,FRT,Freight,5,COR-SBC-JTJ,2026-09-05,18:01
88807,FRT,Freight,5,COR-SBC-JTJ,2026-09-05,21:09
49513,FRT,Freight,5,COR-SBC-JTJ,2026-09-05,22:05
61761,FRT,Freight,5,COR-SBC-JTJ,2026-09-05,22:07
29465,FRT,Freight,5,COR-SBC-JTJ,2026-09-05,01:14
49502,FRT,Freight,5,COR-SBC-JTJ,2026-09-05,10:44
89396,FRT,Freight,5,COR-SBC-JTJ,2026-09-05,00:28
18250,FRT,Freight,5,COR-SBC-JTJ,2026-09-05,11:27
70503,FRT,Freight,5,COR-SBC-JTJ,2026-09-05,22:21
31310,FRT,Freight,5,COR-SBC-JTJ,2026-09-05,03:33
42206,FRT,Freight,5,COR-SBC-JTJ,2026-09-05,14:19
19764,FRT,Freight,5,COR-SBC-JTJ,2026-09-05,14:32
21369,PASS,Passenger,4,COR-SBC-JTJ,2026-09-06,20:46
29329,PASS,Passenger,4,COR-SBC-JTJ,2026-09-06,16:36
88754,SF,Superfast Express,2,COR-SBC-JTJ,2026-09-06,18:33
96700,EXP,Mail/Express,3,COR-SBC-JTJ,2026-09-06,08:47
22410,RAJ,Rajdhani Express,1,COR-SBC-JTJ,2026-09-06,00:28
39730,RAJ,Rajdhani Express,1,COR-SBC-JTJ,2026-09-06,20:36
12665,EXP,Mail/Express,3,COR-SBC-JTJ,2026-09-06,19:22
49899,MEMU,MEMU/EMU,4,COR-SBC-JTJ,2026-09-06,06:37
47703,MEMU,MEMU/EMU,4,COR-SBC-JTJ,2026-09-06,09:28
75951,RAJ,Rajdhani Express,1,COR-SBC-JTJ,2026-09-06,17:43
34172,EXP,Mail/Express,3,COR-SBC-JTJ,2026-09-06,17:04
12684,EXP,Mail/Express,3,COR-SBC-JTJ,2026-09-06,20:51
83030,PASS,Passenger,4,COR-SBC-JTJ,2026-09-06,06:39
29750,MEMU,MEMU/EMU,4,COR-SBC-JTJ,2026-09-06,10:10
29887,MEMU,MEMU/EMU,4,COR-SBC-JTJ,2026-09-06,05:13
30826,PASS,Passenger,4,COR-SBC-JTJ,2026-09-06,10:55
16180,SF,Superfast Express,2,COR-SBC-JTJ,2026-09-06,00:48
91298,MEMU,MEMU/EMU,4,COR-SBC-JTJ,2026-09-07,16:15
94383,PASS,Passenger,4,COR-SBC-JTJ,2026-09-07,08:58
46139,EXP,Mail/Express,3,COR-SBC-JTJ,2026-09-07,23:35
85652,SF,Superfast Express,2,COR-SBC-JTJ,2026-09-07,04:05
38436,RAJ,Rajdhani Express,1,COR-SBC-JTJ,2026-09-07,16:30
78324,EXP,Mail/Express,3,COR-SBC-JTJ,2026-09-07,12:39
14125,SF,Superfast Express,2,COR-SBC-JTJ,2026-09-07,07:12
79142,PASS,Passenger,4,COR-SBC-JTJ,2026-09-07,06:22
51534,EXP,Mail/Express,3,COR-SBC-JTJ,2026-09-07,18:51
96842,SF,Superfast Express,2,COR-SBC-JTJ,2026-09-07,21:03
52973,RAJ,Rajdhani Express,1,COR-SBC-JTJ,2026-09-07,05:36
86369,EXP,Mail/Express,3,COR-SBC-JTJ,2026-09-07,07:41
97533,EXP,Mail/Express,3,COR-SBC-JTJ,2026-09-07,23:36
43521,MEMU,MEMU/EMU,4,COR-SBC-JTJ,2026-09-07,00:43
17488,SF,Superfast Express,2,COR-SBC-JTJ,2026-09-07,12:32
49974,SF,Superfast Express,2,COR-SBC-JTJ,2026-09-07,13:55
52448,MEMU,MEMU/EMU,4,COR-SBC-JTJ,2026-09-07,08:41
17938,PASS,Passenger,4,COR-SBC-JTJ,2026-09-07,17:28
61113,PASS,Passenger,4,COR-SBC-JTJ,2026-09-07,21:36
62930,MEMU,MEMU/EMU,4,COR-SBC-JTJ,2026-09-08,05:45
44608,EXP,Mail/Express,3,COR-SBC-JTJ,2026-09-08,17:50
59649,RAJ,Rajdhani Express,1,COR-SBC-JTJ,2026-09-08,12:31
92456,PASS,Passenger,4,COR-SBC-JTJ,2026-09-08,02:31
29689,RAJ,Rajdhani Express,1,COR-SBC-JTJ,2026-09-08,22:50
73503,SF,Superfast Express,2,COR-SBC-JTJ,2026-09-08,17:25
82660,SF,Superfast Express,2,COR-SBC-JTJ,2026-09-08,13:13
52124,PASS,Passenger,4,COR-SBC-JTJ,2026-09-08,08:49
17587,EXP,Mail/Express,3,COR-SBC-JTJ,2026-09-08,17:25
13527,SF,Superfast Express,2,COR-SBC-JTJ,2026-09-08,09:04
43067,RAJ,Rajdhani Express,1,COR-SBC-JTJ,2026-09-08,17:51
61538,EXP,Mail/Express,3,COR-SBC-JTJ,2026-09-08,17:37
79499,PASS,Passenger,4,COR-SBC-JTJ,2026-09-08,05:49
47455,SF,Superfast Express,2,COR-SBC-JTJ,2026-09-08,21:45
30243,PASS,Passenger,4,COR-SBC-JTJ,2026-09-08,12:03
42693,EXP,Mail/Express,3,COR-SBC-JTJ,2026-09-08,10:27
79231,EXP,Mail/Express,3,COR-SBC-JTJ,2026-09-08,22:54
84648,EXP,Mail/Express,3,COR-SBC-JTJ,2026-09-08,11:00
42059,MEMU,MEMU/EMU,4,COR-SBC-JTJ,2026-09-08,18:12
95658,MEMU,MEMU/EMU,4,COR-SBC-JTJ,2026-09-09,22:36
43135,RAJ,Rajdhani Express,1,COR-SBC-JTJ,2026-09-09,10:08
98121,EXP,Mail/Express,3,COR-SBC-JTJ,2026-09-09,07:00
73535,EXP,Mail/Express,3,COR-SBC-JTJ,2026-09-09,06:03
24897,SF,Superfast Express,2,COR-SBC-JTJ,2026-09-09,23:57
31291,RAJ,Rajdhani Express,1,COR-SBC-JTJ,2026-09-09,18:06
63408,RAJ,Rajdhani Express,1,COR-SBC-JTJ,2026-09-09,10:10
83830,PASS,Passenger,4,COR-SBC-JTJ,2026-09-09,19:13
64093,EXP,Mail/Express,3,COR-SBC-JTJ,2026-09-09,14:41
14507,SF,Superfast Express,2,COR-SBC-JTJ,2026-09-09,08:18
38854,PASS,Passenger,4,COR-SBC-JTJ,2026-09-09,18:39
25475,MEMU,MEMU/EMU,4,COR-SBC-JTJ,2026-09-09,18:02
54905,EXP,Mail/Express,3,COR-SBC-JTJ,2026-09-09,12:07
89870,RAJ,Rajdhani Express,1,COR-SBC-JTJ,2026-09-09,03:28
94366,EXP,Mail/Express,3,COR-SBC-JTJ,2026-09-09,04:49
94285,EXP,Mail/Express,3,COR-SBC-JTJ,2026-09-09,19:36
50185,MEMU,MEMU/EMU,4,COR-SBC-JTJ,2026-09-09,19:51
74398,SF,Superfast Express,2,COR-SBC-JTJ,2026-09-09,17:42
86593,SF,Superfast Express,2,COR-SBC-JTJ,2026-09-09,19:08
69150,SF,Superfast Express,2,COR-SBC-JTJ,2026-09-10,07:10
39572,PASS,Passenger,4,COR-SBC-JTJ,2026-09-10,06:35
45271,SF,Superfast Express,2,COR-SBC-JTJ,2026-09-10,07:59
59810,PASS,Passenger,4,COR-SBC-JTJ,2026-09-10,16:12
74260,MEMU,MEMU/EMU,4,COR-SBC-JTJ,2026-09-10,11:31
86566,EXP,Mail/Express,3,COR-SBC-JTJ,2026-09-10,14:07
23138,PASS,Passenger,4,COR-SBC-JTJ,2026-09-10,06:06
57369,MEMU,MEMU/EMU,4,COR-SBC-JTJ,2026-09-10,19:42
25646,PASS,Passenger,4,COR-SBC-JTJ,2026-09-10,19:42
38812,MEMU,MEMU/EMU,4,COR-SBC-JTJ,2026-09-10,01:57
98958,SF,Superfast Express,2,COR-SBC-JTJ,2026-09-10,09:16
86181,SF,Superfast Express,2,COR-SBC-JTJ,2026-09-10,04:21
24628,MEMU,MEMU/EMU,4,COR-SBC-JTJ,2026-09-10,19:45
34486,RAJ,Rajdhani Express,1,COR-SBC-JTJ,2026-09-10,18:33
97945,MEMU,MEMU/EMU,4,COR-SBC-JTJ,2026-09-10,20:19
49266,PASS,Passenger,4,COR-SBC-JTJ,2026-09-10,07:52
98268,MEMU,MEMU/EMU,4,COR-SBC-JTJ,2026-09-10,11:07
56557,EXP,Mail/Express,3,COR-SBC-JTJ,2026-09-10,07:21
94961,RAJ,Rajdhani Express,1,COR-SBC-JTJ,2026-09-10,09:26
20736,MEMU,MEMU/EMU,4,COR-SBC-JTJ,2026-09-11,09:42
16971,RAJ,Rajdhani Express,1,COR-SBC-JTJ,2026-09-11,20:24
66577,RAJ,Rajdhani Express,1,COR-SBC-JTJ,2026-09-11,03:09
85043,MEMU,MEMU/EMU,4,COR-SBC-JTJ,2026-09-11,10:28
35724,MEMU,MEMU/EMU,4,COR-SBC-JTJ,2026-09-11,18:09
97702,SF,Superfast Express,2,COR-SBC-JTJ,2026-09-11,22:05
88694,MEMU,MEMU/EMU,4,COR-SBC-JTJ,2026-09-11,23:15
65155,MEMU,MEMU/EMU,4,COR-SBC-JTJ,2026-09-11,10:24
21108,SF,Superfast Express,2,COR-SBC-JTJ,2026-09-11,22:43
87613,SF,Superfast Express,2,COR-SBC-JTJ,2026-09-11,02:03
79711,EXP,Mail/Express,3,COR-SBC-JTJ,2026-09-11,18:36
66938,MEMU,MEMU/EMU,4,COR-SBC-JTJ,2026-09-11,16:33
78498,PASS,Passenger,4,COR-SBC-JTJ,2026-09-11,07:18
89152,RAJ,Rajdhani Express,1,COR-SBC-JTJ,2026-09-11,12:32
27751,SF,Superfast Express,2,COR-SBC-JTJ,2026-09-11,06:03
80746,MEMU,MEMU/EMU,4,COR-SBC-JTJ,2026-09-11,20:43
42390,PASS,Passenger,4,COR-SBC-JTJ,2026-09-11,09:33
25993,RAJ,Rajdhani Express,1,COR-SBC-JTJ,2026-09-11,16:11
70403,MEMU,MEMU/EMU,4,COR-SBC-JTJ,2026-09-11,06:30
85038,PASS,Passenger,4,COR-SBC-JTJ,2026-09-12,22:25
39236,RAJ,Rajdhani Express,1,COR-SBC-JTJ,2026-09-12,16:18
10368,PASS,Passenger,4,COR-SBC-JTJ,2026-09-12,19:59
35839,SF,Superfast Express,2,COR-SBC-JTJ,2026-09-12,10:36
83098,MEMU,MEMU/EMU,4,COR-SBC-JTJ,2026-09-12,08:47
17139,PASS,Passenger,4,COR-SBC-JTJ,2026-09-12,11:02
37141,PASS,Passenger,4,COR-SBC-JTJ,2026-09-12,06:42
74262,MEMU,MEMU/EMU,4,COR-SBC-JTJ,2026-09-12,09:56
16704,RAJ,Rajdhani Express,1,COR-SBC-JTJ,2026-09-12,20:27
11887,MEMU,MEMU/EMU,4,COR-SBC-JTJ,2026-09-12,02:21
21975,PASS,Passenger,4,COR-SBC-JTJ,2026-09-12,06:46
10544,EXP,Mail/Express,3,COR-SBC-JTJ,2026-09-12,06:18
94984,RAJ,Rajdhani Express,1,COR-SBC-JTJ,2026-09-12,10:52
98366,PASS,Passenger,4,COR-SBC-JTJ,2026-09-12,23:55
56323,EXP,Mail/Express,3,COR-SBC-JTJ,2026-09-12,06:45
60382,RAJ,Rajdhani Express,1,COR-SBC-JTJ,2026-09-12,06:15
33926,SF,Superfast Express,2,COR-SBC-JTJ,2026-09-12,21:55
23333,MEMU,MEMU/EMU,4,COR-SBC-JTJ,2026-09-12,20:05
26942,RAJ,Rajdhani Express,1,COR-SBC-JTJ,2026-09-12,02:36
91096,RAJ,Rajdhani Express,1,COR-BSL-NGP,2026-08-30,12:57
14424,PASS,Passenger,4,COR-BSL-NGP,2026-08-30,15:31
50615,EXP,Mail/Express,3,COR-BSL-NGP,2026-08-30,08:23
36863,RAJ,Rajdhani Express,1,COR-BSL-NGP,2026-08-30,19:05
39469,MEMU,MEMU/EMU,4,COR-BSL-NGP,2026-08-30,18:09
33184,RAJ,Rajdhani Express,1,COR-BSL-NGP,2026-08-30,18:45
99446,RAJ,Rajdhani Express,1,COR-BSL-NGP,2026-08-30,23:51
97940,PASS,Passenger,4,COR-BSL-NGP,2026-08-30,08:02
45175,RAJ,Rajdhani Express,1,COR-BSL-NGP,2026-08-30,18:06
64649,EXP,Mail/Express,3,COR-BSL-NGP,2026-08-30,14:28
73872,PASS,Passenger,4,COR-BSL-NGP,2026-08-30,08:33
79327,SF,Superfast Express,2,COR-BSL-NGP,2026-08-30,06:06
42208,SF,Superfast Express,2,COR-BSL-NGP,2026-08-30,20:16
62445,PASS,Passenger,4,COR-BSL-NGP,2026-08-30,15:12
61998,EXP,Mail/Express,3,COR-BSL-NGP,2026-08-30,19:57
66994,PASS,Passenger,4,COR-BSL-NGP,2026-08-30,14:20
62463,PASS,Passenger,4,COR-BSL-NGP,2026-08-30,07:30
69895,PASS,Passenger,4,COR-BSL-NGP,2026-08-30,09:08
85165,PASS,Passenger,4,COR-BSL-NGP,2026-08-30,09:44
42894,RAJ,Rajdhani Express,1,COR-BSL-NGP,2026-08-30,22:46
31990,MEMU,MEMU/EMU,4,COR-BSL-NGP,2026-08-30,00:12
52580,SF,Superfast Express,2,COR-BSL-NGP,2026-08-30,23:16
83230,EXP,Mail/Express,3,COR-BSL-NGP,2026-08-30,23:07
69432,FRT,Freight,5,COR-BSL-NGP,2026-08-30,02:26
70772,FRT,Freight,5,COR-BSL-NGP,2026-08-30,12:32
16900,FRT,Freight,5,COR-BSL-NGP,2026-08-30,04:31
77696,FRT,Freight,5,COR-BSL-NGP,2026-08-30,03:56
26236,FRT,Freight,5,COR-BSL-NGP,2026-08-30,13:43
74255,FRT,Freight,5,COR-BSL-NGP,2026-08-30,22:44
66485,FRT,Freight,5,COR-BSL-NGP,2026-08-30,21:45
72293,FRT,Freight,5,COR-BSL-NGP,2026-08-30,02:36
16221,FRT,Freight,5,COR-BSL-NGP,2026-08-30,18:26
35294,FRT,Freight,5,COR-BSL-NGP,2026-08-30,03:27
20038,FRT,Freight,5,COR-BSL-NGP,2026-08-30,04:02
95187,FRT,Freight,5,COR-BSL-NGP,2026-08-30,22:59
63649,FRT,Freight,5,COR-BSL-NGP,2026-08-30,22:58
33360,FRT,Freight,5,COR-BSL-NGP,2026-08-30,02:35
18255,FRT,Freight,5,COR-BSL-NGP,2026-08-30,01:48
78235,FRT,Freight,5,COR-BSL-NGP,2026-08-30,04:50
97464,FRT,Freight,5,COR-BSL-NGP,2026-08-30,13:42
58169,FRT,Freight,5,COR-BSL-NGP,2026-08-30,21:07
10372,FRT,Freight,5,COR-BSL-NGP,2026-08-30,01:43
63179,FRT,Freight,5,COR-BSL-NGP,2026-08-30,08:49
58105,RAJ,Rajdhani Express,1,COR-BSL-NGP,2026-08-31,20:01
15699,SF,Superfast Express,2,COR-BSL-NGP,2026-08-31,19:33
15922,MEMU,MEMU/EMU,4,COR-BSL-NGP,2026-08-31,06:42
34919,PASS,Passenger,4,COR-BSL-NGP,2026-08-31,16:21
68536,MEMU,MEMU/EMU,4,COR-BSL-NGP,2026-08-31,23:04
36508,SF,Superfast Express,2,COR-BSL-NGP,2026-08-31,15:08
97200,SF,Superfast Express,2,COR-BSL-NGP,2026-08-31,19:19
35278,RAJ,Rajdhani Express,1,COR-BSL-NGP,2026-08-31,18:20
24862,RAJ,Rajdhani Express,1,COR-BSL-NGP,2026-08-31,09:16
23598,EXP,Mail/Express,3,COR-BSL-NGP,2026-08-31,09:11
77434,PASS,Passenger,4,COR-BSL-NGP,2026-08-31,18:27
98475,MEMU,MEMU/EMU,4,COR-BSL-NGP,2026-08-31,12:17
34774,PASS,Passenger,4,COR-BSL-NGP,2026-08-31,15:02
62384,MEMU,MEMU/EMU,4,COR-BSL-NGP,2026-08-31,18:04
12822,PASS,Passenger,4,COR-BSL-NGP,2026-08-31,18:59
47252,SF,Superfast Express,2,COR-BSL-NGP,2026-08-31,08:52
97420,SF,Superfast Express,2,COR-BSL-NGP,2026-08-31,06:51
23052,PASS,Passenger,4,COR-BSL-NGP,2026-08-31,08:13
93574,EXP,Mail/Express,3,COR-BSL-NGP,2026-08-31,12:47
92511,SF,Superfast Express,2,COR-BSL-NGP,2026-08-31,09:25
23269,EXP,Mail/Express,3,COR-BSL-NGP,2026-08-31,14:18
78577,SF,Superfast Express,2,COR-BSL-NGP,2026-08-31,03:40
26551,RAJ,Rajdhani Express,1,COR-BSL-NGP,2026-08-31,12:16
79915,RAJ,Rajdhani Express,1,COR-BSL-NGP,2026-08-31,09:53
17661,PASS,Passenger,4,COR-BSL-NGP,2026-08-31,13:38
68028,FRT,Freight,5,COR-BSL-NGP,2026-08-31,02:39
83608,FRT,Freight,5,COR-BSL-NGP,2026-08-31,03:57
23348,FRT,Freight,5,COR-BSL-NGP,2026-08-31,20:25
56678,FRT,Freight,5,COR-BSL-NGP,2026-08-31,22:50
23952,FRT,Freight,5,COR-BSL-NGP,2026-08-31,11:38
10318,FRT,Freight,5,COR-BSL-NGP,2026-08-31,06:54
87354,FRT,Freight,5,COR-BSL-NGP,2026-08-31,20:31
36011,FRT,Freight,5,COR-BSL-NGP,2026-08-31,15:35
28787,FRT,Freight,5,COR-BSL-NGP,2026-08-31,00:41
73428,FRT,Freight,5,COR-BSL-NGP,2026-08-31,06:56
22516,FRT,Freight,5,COR-BSL-NGP,2026-08-31,15:00
44055,FRT,Freight,5,COR-BSL-NGP,2026-08-31,13:48
18752,FRT,Freight,5,COR-BSL-NGP,2026-08-31,23:20
76911,FRT,Freight,5,COR-BSL-NGP,2026-08-31,21:12
90506,FRT,Freight,5,COR-BSL-NGP,2026-08-31,00:50
69850,FRT,Freight,5,COR-BSL-NGP,2026-08-31,16:25
33765,MEMU,MEMU/EMU,4,COR-BSL-NGP,2026-09-01,16:55
73726,RAJ,Rajdhani Express,1,COR-BSL-NGP,2026-09-01,23:06
47043,SF,Superfast Express,2,COR-BSL-NGP,2026-09-01,07:41
97458,SF,Superfast Express,2,COR-BSL-NGP,2026-09-01,08:40
69051,RAJ,Rajdhani Express,1,COR-BSL-NGP,2026-09-01,22:01
99230,RAJ,Rajdhani Express,1,COR-BSL-NGP,2026-09-01,06:39
20556,MEMU,MEMU/EMU,4,COR-BSL-NGP,2026-09-01,12:53
89091,RAJ,Rajdhani Express,1,COR-BSL-NGP,2026-09-01,07:30
20004,PASS,Passenger,4,COR-BSL-NGP,2026-09-01,21:32
68956,MEMU,MEMU/EMU,4,COR-BSL-NGP,2026-09-01,23:51
30810,RAJ,Rajdhani Express,1,COR-BSL-NGP,2026-09-01,19:29
72000,SF,Superfast Express,2,COR-BSL-NGP,2026-09-01,08:30
86724,RAJ,Rajdhani Express,1,COR-BSL-NGP,2026-09-01,10:33
10247,PASS,Passenger,4,COR-BSL-NGP,2026-09-01,07:06
30762,PASS,Passenger,4,COR-BSL-NGP,2026-09-01,20:24
55995,SF,Superfast Express,2,COR-BSL-NGP,2026-09-01,21:15
69423,MEMU,MEMU/EMU,4,COR-BSL-NGP,2026-09-01,10:21
89347,SF,Superfast Express,2,COR-BSL-NGP,2026-09-01,17:35
79277,RAJ,Rajdhani Express,1,COR-BSL-NGP,2026-09-01,06:52
71969,SF,Superfast Express,2,COR-BSL-NGP,2026-09-01,11:26
39052,MEMU,MEMU/EMU,4,COR-BSL-NGP,2026-09-01,16:16
59214,EXP,Mail/Express,3,COR-BSL-NGP,2026-09-01,09:03
44319,SF,Superfast Express,2,COR-BSL-NGP,2026-09-01,09:57
81842,MEMU,MEMU/EMU,4,COR-BSL-NGP,2026-09-01,00:34
78541,EXP,Mail/Express,3,COR-BSL-NGP,2026-09-01,19:40
53534,FRT,Freight,5,COR-BSL-NGP,2026-09-01,11:06
25009,FRT,Freight,5,COR-BSL-NGP,2026-09-01,18:03
40246,FRT,Freight,5,COR-BSL-NGP,2026-09-01,04:39
38185,FRT,Freight,5,COR-BSL-NGP,2026-09-01,03:07
96488,FRT,Freight,5,COR-BSL-NGP,2026-09-01,22:37
56642,FRT,Freight,5,COR-BSL-NGP,2026-09-01,13:12
19185,FRT,Freight,5,COR-BSL-NGP,2026-09-01,01:11
74366,FRT,Freight,5,COR-BSL-NGP,2026-09-01,02:34
29843,FRT,Freight,5,COR-BSL-NGP,2026-09-01,23:37
27505,FRT,Freight,5,COR-BSL-NGP,2026-09-01,03:53
38022,FRT,Freight,5,COR-BSL-NGP,2026-09-01,14:50
71609,FRT,Freight,5,COR-BSL-NGP,2026-09-01,09:42
64261,FRT,Freight,5,COR-BSL-NGP,2026-09-01,22:35
26439,FRT,Freight,5,COR-BSL-NGP,2026-09-01,18:46
90196,FRT,Freight,5,COR-BSL-NGP,2026-09-01,13:01
11207,MEMU,MEMU/EMU,4,COR-BSL-NGP,2026-09-02,08:36
92844,MEMU,MEMU/EMU,4,COR-BSL-NGP,2026-09-02,17:01
72420,EXP,Mail/Express,3,COR-BSL-NGP,2026-09-02,17:06
62097,SF,Superfast Express,2,COR-BSL-NGP,2026-09-02,08:47
74414,EXP,Mail/Express,3,COR-BSL-NGP,2026-09-02,07:10
15429,SF,Superfast Express,2,COR-BSL-NGP,2026-09-02,05:10
63591,MEMU,MEMU/EMU,4,COR-BSL-NGP,2026-09-02,03:22
17591,SF,Superfast Express,2,COR-BSL-NGP,2026-09-02,20:30
48660,PASS,Passenger,4,COR-BSL-NGP,2026-09-02,03:43
87313,EXP,Mail/Express,3,COR-BSL-NGP,2026-09-02,05:44
50459,EXP,Mail/Express,3,COR-BSL-NGP,2026-09-02,07:07
88084,RAJ,Rajdhani Express,1,COR-BSL-NGP,2026-09-02,20:55
72099,MEMU,MEMU/EMU,4,COR-BSL-NGP,2026-09-02,09:31
72848,MEMU,MEMU/EMU,4,COR-BSL-NGP,2026-09-02,07:47
88405,SF,Superfast Express,2,COR-BSL-NGP,2026-09-02,18:20
99399,PASS,Passenger,4,COR-BSL-NGP,2026-09-02,08:30
14661,MEMU,MEMU/EMU,4,COR-BSL-NGP,2026-09-02,09:00
54802,PASS,Passenger,4,COR-BSL-NGP,2026-09-02,18:12
28782,RAJ,Rajdhani Express,1,COR-BSL-NGP,2026-09-02,07:10
59179,EXP,Mail/Express,3,COR-BSL-NGP,2026-09-02,20:28
11898,PASS,Passenger,4,COR-BSL-NGP,2026-09-02,14:03
88455,MEMU,MEMU/EMU,4,COR-BSL-NGP,2026-09-02,13:35
50068,EXP,Mail/Express,3,COR-BSL-NGP,2026-09-02,08:14
77963,PASS,Passenger,4,COR-BSL-NGP,2026-09-02,19:58
86303,PASS,Passenger,4,COR-BSL-NGP,2026-09-02,15:02
28407,FRT,Freight,5,COR-BSL-NGP,2026-09-02,13:23
88561,FRT,Freight,5,COR-BSL-NGP,2026-09-02,17:04
81600,FRT,Freight,5,COR-BSL-NGP,2026-09-02,14:33
66714,FRT,Freight,5,COR-BSL-NGP,2026-09-02,23:54
16639,FRT,Freight,5,COR-BSL-NGP,2026-09-02,10:22
12478,FRT,Freight,5,COR-BSL-NGP,2026-09-02,09:18
74546,FRT,Freight,5,COR-BSL-NGP,2026-09-02,06:29
83465,FRT,Freight,5,COR-BSL-NGP,2026-09-02,06:48
72876,FRT,Freight,5,COR-BSL-NGP,2026-09-02,04:42
98373,FRT,Freight,5,COR-BSL-NGP,2026-09-02,23:15
51941,FRT,Freight,5,COR-BSL-NGP,2026-09-02,21:51
39974,FRT,Freight,5,COR-BSL-NGP,2026-09-02,05:49
54183,FRT,Freight,5,COR-BSL-NGP,2026-09-02,04:51
19629,SF,Superfast Express,2,COR-BSL-NGP,2026-09-03,09:21
42337,EXP,Mail/Express,3,COR-BSL-NGP,2026-09-03,09:21
97095,PASS,Passenger,4,COR-BSL-NGP,2026-09-03,18:59
73829,SF,Superfast Express,2,COR-BSL-NGP,2026-09-03,12:58
79401,MEMU,MEMU/EMU,4,COR-BSL-NGP,2026-09-03,20:34
79830,PASS,Passenger,4,COR-BSL-NGP,2026-09-03,15:30
56939,SF,Superfast Express,2,COR-BSL-NGP,2026-09-03,07:39
22965,SF,Superfast Express,2,COR-BSL-NGP,2026-09-03,14:26
22228,EXP,Mail/Express,3,COR-BSL-NGP,2026-09-03,00:35
58419,SF,Superfast Express,2,COR-BSL-NGP,2026-09-03,08:54
59229,PASS,Passenger,4,COR-BSL-NGP,2026-09-03,07:03
22822,RAJ,Rajdhani Express,1,COR-BSL-NGP,2026-09-03,17:48
40070,MEMU,MEMU/EMU,4,COR-BSL-NGP,2026-09-03,06:53
78723,PASS,Passenger,4,COR-BSL-NGP,2026-09-03,08:04
17135,PASS,Passenger,4,COR-BSL-NGP,2026-09-03,09:24
89044,MEMU,MEMU/EMU,4,COR-BSL-NGP,2026-09-03,00:30
49441,MEMU,MEMU/EMU,4,COR-BSL-NGP,2026-09-03,03:13
49884,SF,Superfast Express,2,COR-BSL-NGP,2026-09-03,08:29
28043,PASS,Passenger,4,COR-BSL-NGP,2026-09-03,07:46
85043,SF,Superfast Express,2,COR-BSL-NGP,2026-09-03,05:56
13062,EXP,Mail/Express,3,COR-BSL-NGP,2026-09-03,06:11
62214,SF,Superfast Express,2,COR-BSL-NGP,2026-09-03,19:26
93990,EXP,Mail/Express,3,COR-BSL-NGP,2026-09-03,17:44
63409,RAJ,Rajdhani Express,1,COR-BSL-NGP,2026-09-03,12:23
20868,PASS,Passenger,4,COR-BSL-NGP,2026-09-03,21:54
74052,FRT,Freight,5,COR-BSL-NGP,2026-09-03,10:47
33838,FRT,Freight,5,COR-BSL-NGP,2026-09-03,15:34
48919,FRT,Freight,5,COR-BSL-NGP,2026-09-03,05:36
87895,FRT,Freight,5,COR-BSL-NGP,2026-09-03,08:54
57995,FRT,Freight,5,COR-BSL-NGP,2026-09-03,21:16
32614,FRT,Freight,5,COR-BSL-NGP,2026-09-03,05:27
85593,FRT,Freight,5,COR-BSL-NGP,2026-09-03,23:00
10100,FRT,Freight,5,COR-BSL-NGP,2026-09-03,02:52
71720,FRT,Freight,5,COR-BSL-NGP,2026-09-03,03:08
80514,FRT,Freight,5,COR-BSL-NGP,2026-09-03,10:54
20988,FRT,Freight,5,COR-BSL-NGP,2026-09-03,20:48
90067,FRT,Freight,5,COR-BSL-NGP,2026-09-03,17:12
87167,FRT,Freight,5,COR-BSL-NGP,2026-09-03,02:46
87229,FRT,Freight,5,COR-BSL-NGP,2026-09-03,03:31
48148,FRT,Freight,5,COR-BSL-NGP,2026-09-03,13:27
51284,EXP,Mail/Express,3,COR-BSL-NGP,2026-09-04,17:13
89922,RAJ,Rajdhani Express,1,COR-BSL-NGP,2026-09-04,08:50
88874,MEMU,MEMU/EMU,4,COR-BSL-NGP,2026-09-04,18:16
65277,SF,Superfast Express,2,COR-BSL-NGP,2026-09-04,22:21
25316,RAJ,Rajdhani Express,1,COR-BSL-NGP,2026-09-04,20:51
34463,EXP,Mail/Express,3,COR-BSL-NGP,2026-09-04,08:29
85739,PASS,Passenger,4,COR-BSL-NGP,2026-09-04,08:16
14888,MEMU,MEMU/EMU,4,COR-BSL-NGP,2026-09-04,09:15
21325,MEMU,MEMU/EMU,4,COR-BSL-NGP,2026-09-04,10:51
29088,RAJ,Rajdhani Express,1,COR-BSL-NGP,2026-09-04,05:07
84922,RAJ,Rajdhani Express,1,COR-BSL-NGP,2026-09-04,18:58
86803,SF,Superfast Express,2,COR-BSL-NGP,2026-09-04,09:38
25419,MEMU,MEMU/EMU,4,COR-BSL-NGP,2026-09-04,20:30
63749,MEMU,MEMU/EMU,4,COR-BSL-NGP,2026-09-04,21:11
55854,SF,Superfast Express,2,COR-BSL-NGP,2026-09-04,01:32
12904,PASS,Passenger,4,COR-BSL-NGP,2026-09-04,23:57
88966,SF,Superfast Express,2,COR-BSL-NGP,2026-09-04,18:11
73556,EXP,Mail/Express,3,COR-BSL-NGP,2026-09-04,13:24
90535,EXP,Mail/Express,3,COR-BSL-NGP,2026-09-04,10:37
98855,RAJ,Rajdhani Express,1,COR-BSL-NGP,2026-09-04,13:47
30700,SF,Superfast Express,2,COR-BSL-NGP,2026-09-04,08:17
37633,SF,Superfast Express,2,COR-BSL-NGP,2026-09-04,16:18
94644,RAJ,Rajdhani Express,1,COR-BSL-NGP,2026-09-04,05:54
34055,PASS,Passenger,4,COR-BSL-NGP,2026-09-04,16:02
28642,SF,Superfast Express,2,COR-BSL-NGP,2026-09-04,08:34
53654,FRT,Freight,5,COR-BSL-NGP,2026-09-04,01:03
25930,FRT,Freight,5,COR-BSL-NGP,2026-09-04,21:12
13518,FRT,Freight,5,COR-BSL-NGP,2026-09-04,03:06
40982,FRT,Freight,5,COR-BSL-NGP,2026-09-04,06:37
16775,FRT,Freight,5,COR-BSL-NGP,2026-09-04,14:02
33990,FRT,Freight,5,COR-BSL-NGP,2026-09-04,00:08
15378,FRT,Freight,5,COR-BSL-NGP,2026-09-04,10:13
56402,FRT,Freight,5,COR-BSL-NGP,2026-09-04,22:51
49441,FRT,Freight,5,COR-BSL-NGP,2026-09-04,15:10
81980,FRT,Freight,5,COR-BSL-NGP,2026-09-04,07:36
89712,FRT,Freight,5,COR-BSL-NGP,2026-09-04,15:13
35060,FRT,Freight,5,COR-BSL-NGP,2026-09-04,22:18
84915,FRT,Freight,5,COR-BSL-NGP,2026-09-04,02:07
13534,MEMU,MEMU/EMU,4,COR-BSL-NGP,2026-09-05,06:46
90221,SF,Superfast Express,2,COR-BSL-NGP,2026-09-05,04:28
80672,PASS,Passenger,4,COR-BSL-NGP,2026-09-05,00:24
81121,SF,Superfast Express,2,COR-BSL-NGP,2026-09-05,08:47
84090,MEMU,MEMU/EMU,4,COR-BSL-NGP,2026-09-05,10:05
66310,EXP,Mail/Express,3,COR-BSL-NGP,2026-09-05,07:10
11634,EXP,Mail/Express,3,COR-BSL-NGP,2026-09-05,04:16
26908,PASS,Passenger,4,COR-BSL-NGP,2026-09-05,13:14
31310,PASS,Passenger,4,COR-BSL-NGP,2026-09-05,08:15
90653,MEMU,MEMU/EMU,4,COR-BSL-NGP,2026-09-05,19:55
77258,EXP,Mail/Express,3,COR-BSL-NGP,2026-09-05,00:01
84147,EXP,Mail/Express,3,COR-BSL-NGP,2026-09-05,19:35
66081,EXP,Mail/Express,3,COR-BSL-NGP,2026-09-05,22:18
71572,EXP,Mail/Express,3,COR-BSL-NGP,2026-09-05,18:37
79400,MEMU,MEMU/EMU,4,COR-BSL-NGP,2026-09-05,18:49
76603,PASS,Passenger,4,COR-BSL-NGP,2026-09-05,21:20
82807,PASS,Passenger,4,COR-BSL-NGP,2026-09-05,07:10
87364,RAJ,Rajdhani Express,1,COR-BSL-NGP,2026-09-05,23:40
41131,PASS,Passenger,4,COR-BSL-NGP,2026-09-05,18:02
30386,EXP,Mail/Express,3,COR-BSL-NGP,2026-09-05,18:33
59781,SF,Superfast Express,2,COR-BSL-NGP,2026-09-05,09:17
71760,EXP,Mail/Express,3,COR-BSL-NGP,2026-09-05,14:14
77370,EXP,Mail/Express,3,COR-BSL-NGP,2026-09-05,17:24
64470,PASS,Passenger,4,COR-BSL-NGP,2026-09-05,16:53
63283,RAJ,Rajdhani Express,1,COR-BSL-NGP,2026-09-05,17:49
59130,FRT,Freight,5,COR-BSL-NGP,2026-09-05,01:22
71957,FRT,Freight,5,COR-BSL-NGP,2026-09-05,09:01
67210,FRT,Freight,5,COR-BSL-NGP,2026-09-05,05:18
92731,FRT,Freight,5,COR-BSL-NGP,2026-09-05,16:28
90373,FRT,Freight,5,COR-BSL-NGP,2026-09-05,21:39
15456,FRT,Freight,5,COR-BSL-NGP,2026-09-05,19:54
63861,FRT,Freight,5,COR-BSL-NGP,2026-09-05,12:51
47289,FRT,Freight,5,COR-BSL-NGP,2026-09-05,01:03
19775,FRT,Freight,5,COR-BSL-NGP,2026-09-05,16:56
74881,FRT,Freight,5,COR-BSL-NGP,2026-09-05,06:15
24099,FRT,Freight,5,COR-BSL-NGP,2026-09-05,01:46
51842,FRT,Freight,5,COR-BSL-NGP,2026-09-05,21:36
67163,FRT,Freight,5,COR-BSL-NGP,2026-09-05,05:26
92351,FRT,Freight,5,COR-BSL-NGP,2026-09-05,03:04
87762,FRT,Freight,5,COR-BSL-NGP,2026-09-05,21:14
84675,FRT,Freight,5,COR-BSL-NGP,2026-09-05,22:22
54867,FRT,Freight,5,COR-BSL-NGP,2026-09-05,05:48
19859,FRT,Freight,5,COR-BSL-NGP,2026-09-05,06:02
65700,FRT,Freight,5,COR-BSL-NGP,2026-09-05,13:17
16531,MEMU,MEMU/EMU,4,COR-BSL-NGP,2026-09-06,22:26
14666,SF,Superfast Express,2,COR-BSL-NGP,2026-09-06,16:48
99317,SF,Superfast Express,2,COR-BSL-NGP,2026-09-06,16:50
54023,RAJ,Rajdhani Express,1,COR-BSL-NGP,2026-09-06,06:35
45236,EXP,Mail/Express,3,COR-BSL-NGP,2026-09-06,23:15
50059,MEMU,MEMU/EMU,4,COR-BSL-NGP,2026-09-06,18:25
50023,MEMU,MEMU/EMU,4,COR-BSL-NGP,2026-09-06,20:44
14236,MEMU,MEMU/EMU,4,COR-BSL-NGP,2026-09-06,10:43
77475,PASS,Passenger,4,COR-BSL-NGP,2026-09-06,12:03
46624,EXP,Mail/Express,3,COR-BSL-NGP,2026-09-06,13:11
42818,SF,Superfast Express,2,COR-BSL-NGP,2026-09-06,07:16
91462,SF,Superfast Express,2,COR-BSL-NGP,2026-09-06,17:57
40100,EXP,Mail/Express,3,COR-BSL-NGP,2026-09-06,20:40
76896,SF,Superfast Express,2,COR-BSL-NGP,2026-09-06,06:43
54696,PASS,Passenger,4,COR-BSL-NGP,2026-09-06,05:25
87530,MEMU,MEMU/EMU,4,COR-BSL-NGP,2026-09-06,18:30
34941,SF,Superfast Express,2,COR-BSL-NGP,2026-09-06,08:14
69347,PASS,Passenger,4,COR-BSL-NGP,2026-09-06,16:51
86629,MEMU,MEMU/EMU,4,COR-BSL-NGP,2026-09-06,17:33
43025,EXP,Mail/Express,3,COR-BSL-NGP,2026-09-06,08:28
21651,EXP,Mail/Express,3,COR-BSL-NGP,2026-09-06,19:08
93254,PASS,Passenger,4,COR-BSL-NGP,2026-09-06,14:13
59823,PASS,Passenger,4,COR-BSL-NGP,2026-09-06,20:35
75841,PASS,Passenger,4,COR-BSL-NGP,2026-09-07,18:21
42021,SF,Superfast Express,2,COR-BSL-NGP,2026-09-07,16:23
27958,EXP,Mail/Express,3,COR-BSL-NGP,2026-09-07,16:37
76408,SF,Superfast Express,2,COR-BSL-NGP,2026-09-07,18:01
51128,SF,Superfast Express,2,COR-BSL-NGP,2026-09-07,07:40
97498,MEMU,MEMU/EMU,4,COR-BSL-NGP,2026-09-07,17:40
52563,PASS,Passenger,4,COR-BSL-NGP,2026-09-07,10:18
27414,SF,Superfast Express,2,COR-BSL-NGP,2026-09-07,04:40
85462,MEMU,MEMU/EMU,4,COR-BSL-NGP,2026-09-07,07:01
65883,RAJ,Rajdhani Express,1,COR-BSL-NGP,2026-09-07,19:27
47210,MEMU,MEMU/EMU,4,COR-BSL-NGP,2026-09-07,20:31
25290,RAJ,Rajdhani Express,1,COR-BSL-NGP,2026-09-07,08:18
13667,RAJ,Rajdhani Express,1,COR-BSL-NGP,2026-09-07,07:15
27660,RAJ,Rajdhani Express,1,COR-BSL-NGP,2026-09-07,01:29
82089,RAJ,Rajdhani Express,1,COR-BSL-NGP,2026-09-07,22:21
92462,PASS,Passenger,4,COR-BSL-NGP,2026-09-07,17:13
67698,SF,Superfast Express,2,COR-BSL-NGP,2026-09-07,22:51
14808,SF,Superfast Express,2,COR-BSL-NGP,2026-09-07,20:55
50499,RAJ,Rajdhani Express,1,COR-BSL-NGP,2026-09-07,09:00
38015,SF,Superfast Express,2,COR-BSL-NGP,2026-09-07,05:44
43351,RAJ,Rajdhani Express,1,COR-BSL-NGP,2026-09-07,12:53
59662,SF,Superfast Express,2,COR-BSL-NGP,2026-09-07,01:01
84674,MEMU,MEMU/EMU,4,COR-BSL-NGP,2026-09-07,06:21
46241,PASS,Passenger,4,COR-BSL-NGP,2026-09-07,07:45
11198,EXP,Mail/Express,3,COR-BSL-NGP,2026-09-07,17:32
10797,RAJ,Rajdhani Express,1,COR-BSL-NGP,2026-09-08,16:03
49889,MEMU,MEMU/EMU,4,COR-BSL-NGP,2026-09-08,10:19
74390,MEMU,MEMU/EMU,4,COR-BSL-NGP,2026-09-08,15:27
23594,PASS,Passenger,4,COR-BSL-NGP,2026-09-08,10:27
57754,PASS,Passenger,4,COR-BSL-NGP,2026-09-08,06:05
63639,RAJ,Rajdhani Express,1,COR-BSL-NGP,2026-09-08,11:13
83226,RAJ,Rajdhani Express,1,COR-BSL-NGP,2026-09-08,17:54
22669,MEMU,MEMU/EMU,4,COR-BSL-NGP,2026-09-08,19:34
94509,MEMU,MEMU/EMU,4,COR-BSL-NGP,2026-09-08,12:46
31085,PASS,Passenger,4,COR-BSL-NGP,2026-09-08,06:57
38787,RAJ,Rajdhani Express,1,COR-BSL-NGP,2026-09-08,10:00
34051,RAJ,Rajdhani Express,1,COR-BSL-NGP,2026-09-08,19:18
65566,MEMU,MEMU/EMU,4,COR-BSL-NGP,2026-09-08,10:56
60615,EXP,Mail/Express,3,COR-BSL-NGP,2026-09-08,17:00
87090,MEMU,MEMU/EMU,4,COR-BSL-NGP,2026-09-08,12:12
62262,EXP,Mail/Express,3,COR-BSL-NGP,2026-09-08,07:07
47639,RAJ,Rajdhani Express,1,COR-BSL-NGP,2026-09-08,19:17
88890,MEMU,MEMU/EMU,4,COR-BSL-NGP,2026-09-08,05:53
15289,PASS,Passenger,4,COR-BSL-NGP,2026-09-08,13:34
34744,SF,Superfast Express,2,COR-BSL-NGP,2026-09-08,07:22
27945,RAJ,Rajdhani Express,1,COR-BSL-NGP,2026-09-08,04:49
99779,RAJ,Rajdhani Express,1,COR-BSL-NGP,2026-09-08,12:51
66964,MEMU,MEMU/EMU,4,COR-BSL-NGP,2026-09-08,12:25
34227,SF,Superfast Express,2,COR-BSL-NGP,2026-09-08,17:40
92494,SF,Superfast Express,2,COR-BSL-NGP,2026-09-08,18:37
26833,SF,Superfast Express,2,COR-BSL-NGP,2026-09-09,08:45
13498,MEMU,MEMU/EMU,4,COR-BSL-NGP,2026-09-09,17:10
75310,MEMU,MEMU/EMU,4,COR-BSL-NGP,2026-09-09,08:43
56729,EXP,Mail/Express,3,COR-BSL-NGP,2026-09-09,03:10
20518,EXP,Mail/Express,3,COR-BSL-NGP,2026-09-09,19:59
88037,EXP,Mail/Express,3,COR-BSL-NGP,2026-09-09,08:10
32254,PASS,Passenger,4,COR-BSL-NGP,2026-09-09,04:21
91438,RAJ,Rajdhani Express,1,COR-BSL-NGP,2026-09-09,04:20
35545,EXP,Mail/Express,3,COR-BSL-NGP,2026-09-09,07:26
13345,PASS,Passenger,4,COR-BSL-NGP,2026-09-09,06:17
90906,PASS,Passenger,4,COR-BSL-NGP,2026-09-09,18:41
66366,MEMU,MEMU/EMU,4,COR-BSL-NGP,2026-09-09,08:47
56721,SF,Superfast Express,2,COR-BSL-NGP,2026-09-09,19:39
69829,SF,Superfast Express,2,COR-BSL-NGP,2026-09-09,06:37
19642,EXP,Mail/Express,3,COR-BSL-NGP,2026-09-09,12:29
93375,RAJ,Rajdhani Express,1,COR-BSL-NGP,2026-09-09,17:50
99217,RAJ,Rajdhani Express,1,COR-BSL-NGP,2026-09-09,17:44
74533,RAJ,Rajdhani Express,1,COR-BSL-NGP,2026-09-09,16:46
82571,PASS,Passenger,4,COR-BSL-NGP,2026-09-09,21:44
63382,PASS,Passenger,4,COR-BSL-NGP,2026-09-09,07:32
43299,PASS,Passenger,4,COR-BSL-NGP,2026-09-09,12:20
45035,MEMU,MEMU/EMU,4,COR-BSL-NGP,2026-09-09,20:59
33583,PASS,Passenger,4,COR-BSL-NGP,2026-09-09,05:58
32105,RAJ,Rajdhani Express,1,COR-BSL-NGP,2026-09-09,04:01
91666,RAJ,Rajdhani Express,1,COR-BSL-NGP,2026-09-09,07:12
39136,SF,Superfast Express,2,COR-BSL-NGP,2026-09-10,17:06
24837,RAJ,Rajdhani Express,1,COR-BSL-NGP,2026-09-10,02:41
85592,PASS,Passenger,4,COR-BSL-NGP,2026-09-10,03:43
10715,PASS,Passenger,4,COR-BSL-NGP,2026-09-10,16:54
27275,EXP,Mail/Express,3,COR-BSL-NGP,2026-09-10,16:26
30191,MEMU,MEMU/EMU,4,COR-BSL-NGP,2026-09-10,17:49
92420,RAJ,Rajdhani Express,1,COR-BSL-NGP,2026-09-10,09:22
70126,MEMU,MEMU/EMU,4,COR-BSL-NGP,2026-09-10,19:37
61792,RAJ,Rajdhani Express,1,COR-BSL-NGP,2026-09-10,13:57
18894,SF,Superfast Express,2,COR-BSL-NGP,2026-09-10,05:19
94253,SF,Superfast Express,2,COR-BSL-NGP,2026-09-10,19:26
94114,MEMU,MEMU/EMU,4,COR-BSL-NGP,2026-09-10,22:52
33321,PASS,Passenger,4,COR-BSL-NGP,2026-09-10,04:59
34959,EXP,Mail/Express,3,COR-BSL-NGP,2026-09-10,10:07
20515,RAJ,Rajdhani Express,1,COR-BSL-NGP,2026-09-10,12:36
84613,RAJ,Rajdhani Express,1,COR-BSL-NGP,2026-09-10,06:02
75196,EXP,Mail/Express,3,COR-BSL-NGP,2026-09-10,20:01
31443,MEMU,MEMU/EMU,4,COR-BSL-NGP,2026-09-10,08:21
63550,MEMU,MEMU/EMU,4,COR-BSL-NGP,2026-09-10,19:05
85979,RAJ,Rajdhani Express,1,COR-BSL-NGP,2026-09-10,17:38
47208,SF,Superfast Express,2,COR-BSL-NGP,2026-09-10,15:39
11783,EXP,Mail/Express,3,COR-BSL-NGP,2026-09-10,07:35
88649,RAJ,Rajdhani Express,1,COR-BSL-NGP,2026-09-10,07:43
80921,SF,Superfast Express,2,COR-BSL-NGP,2026-09-10,03:23
16982,MEMU,MEMU/EMU,4,COR-BSL-NGP,2026-09-10,07:11
48938,SF,Superfast Express,2,COR-BSL-NGP,2026-09-11,07:35
45391,PASS,Passenger,4,COR-BSL-NGP,2026-09-11,13:06
38731,RAJ,Rajdhani Express,1,COR-BSL-NGP,2026-09-11,07:55
94698,EXP,Mail/Express,3,COR-BSL-NGP,2026-09-11,19:12
35236,SF,Superfast Express,2,COR-BSL-NGP,2026-09-11,10:41
47133,MEMU,MEMU/EMU,4,COR-BSL-NGP,2026-09-11,19:09
86915,SF,Superfast Express,2,COR-BSL-NGP,2026-09-11,09:35
14340,MEMU,MEMU/EMU,4,COR-BSL-NGP,2026-09-11,19:15
80291,PASS,Passenger,4,COR-BSL-NGP,2026-09-11,09:14
58731,MEMU,MEMU/EMU,4,COR-BSL-NGP,2026-09-11,11:52
67428,EXP,Mail/Express,3,COR-BSL-NGP,2026-09-11,16:42
62822,PASS,Passenger,4,COR-BSL-NGP,2026-09-11,04:18
51866,SF,Superfast Express,2,COR-BSL-NGP,2026-09-11,22:20
95441,RAJ,Rajdhani Express,1,COR-BSL-NGP,2026-09-11,15:55
93795,MEMU,MEMU/EMU,4,COR-BSL-NGP,2026-09-11,12:34
51813,EXP,Mail/Express,3,COR-BSL-NGP,2026-09-11,19:14
76042,RAJ,Rajdhani Express,1,COR-BSL-NGP,2026-09-11,20:47
84135,RAJ,Rajdhani Express,1,COR-BSL-NGP,2026-09-11,13:13
97310,PASS,Passenger,4,COR-BSL-NGP,2026-09-11,21:28
18715,SF,Superfast Express,2,COR-BSL-NGP,2026-09-11,04:04
97533,RAJ,Rajdhani Express,1,COR-BSL-NGP,2026-09-11,05:57
65902,EXP,Mail/Express,3,COR-BSL-NGP,2026-09-11,15:48
24783,MEMU,MEMU/EMU,4,COR-BSL-NGP,2026-09-11,09:17
99012,MEMU,MEMU/EMU,4,COR-BSL-NGP,2026-09-11,11:50
77933,MEMU,MEMU/EMU,4,COR-BSL-NGP,2026-09-11,08:00
66936,PASS,Passenger,4,COR-BSL-NGP,2026-09-12,16:36
96518,EXP,Mail/Express,3,COR-BSL-NGP,2026-09-12,18:30
41518,RAJ,Rajdhani Express,1,COR-BSL-NGP,2026-09-12,09:30
94935,EXP,Mail/Express,3,COR-BSL-NGP,2026-09-12,07:58
64462,PASS,Passenger,4,COR-BSL-NGP,2026-09-12,13:54
37313,PASS,Passenger,4,COR-BSL-NGP,2026-09-12,19:18
26110,SF,Superfast Express,2,COR-BSL-NGP,2026-09-12,08:01
44816,EXP,Mail/Express,3,COR-BSL-NGP,2026-09-12,07:44
71549,MEMU,MEMU/EMU,4,COR-BSL-NGP,2026-09-12,08:31
97889,PASS,Passenger,4,COR-BSL-NGP,2026-09-12,22:42
38530,PASS,Passenger,4,COR-BSL-NGP,2026-09-12,09:33
10893,SF,Superfast Express,2,COR-BSL-NGP,2026-09-12,00:00
36885,MEMU,MEMU/EMU,4,COR-BSL-NGP,2026-09-12,18:20
54560,PASS,Passenger,4,COR-BSL-NGP,2026-09-12,17:02
23613,RAJ,Rajdhani Express,1,COR-BSL-NGP,2026-09-12,06:26
89852,MEMU,MEMU/EMU,4,COR-BSL-NGP,2026-09-12,23:43
16087,EXP,Mail/Express,3,COR-BSL-NGP,2026-09-12,16:06
45701,SF,Superfast Express,2,COR-BSL-NGP,2026-09-12,12:32
28665,RAJ,Rajdhani Express,1,COR-BSL-NGP,2026-09-12,09:08
39622,RAJ,Rajdhani Express,1,COR-BSL-NGP,2026-09-12,20:29
92403,EXP,Mail/Express,3,COR-BSL-NGP,2026-09-12,07:17
51989,SF,Superfast Express,2,COR-BSL-NGP,2026-09-12,08:55
54741,PASS,Passenger,4,COR-BSL-NGP,2026-09-12,06:25
88700,SF,Superfast Express,2,COR-BSL-NGP,2026-09-12,18:19
30163,PASS,Passenger,4,COR-BSL-NGP,2026-09-12,15:37
